SalesOrderID,OrderDate,ProductID,ProductName,Quantity,CustomerID
"SO-9001","2026-07-25","P101","Magical Dark Chocolate","173","CUST-1133"
"SO-9002","2022-08-18","P101","Magical Dark Chocolate","37","CUST-1444"
"SO-9003","2022-10-09","P101","Magical Dark Chocolate","71","CUST-1311"
"SO-9004","2026-07-11","P101","Magical Dark Chocolate","66","CUST-1108"
"SO-9005","2025-01-23","P201","Mystic White Chocolate","63","CUST-1235"
"SO-9006","2026-07-21","P201","Mystic White Chocolate","64","CUST-1251"
"SO-9007","2026-06-27","P101","Magical Dark Chocolate","29","CUST-1451"
"SO-9008","2025-08-29","P101","Magical Dark Chocolate","125","CUST-1083"
"SO-9009","2022-05-26","P103","Golden Cocoa Truffles","199","CUST-1272"
"SO-9010","2024-12-12","P102","Enchanted Milk Chocolate","200","CUST-1019"
"SO-9011","2022-07-01","P103","Golden Cocoa Truffles","15","CUST-1488"
"SO-9012","2025-09-14","P103","Golden Cocoa Truffles","163","CUST-1076"
"SO-9013","2026-04-19","P201","Mystic White Chocolate","148","CUST-1096"
"SO-9014","2024-09-27","P103","Golden Cocoa Truffles","21","CUST-1054"
"SO-9015","2024-05-30","P101","Magical Dark Chocolate","159","CUST-1016"
"SO-9016","2025-08-25","P103","Golden Cocoa Truffles","67","CUST-1150"
"SO-9017","2026-06-07","P103","Golden Cocoa Truffles","81","CUST-1036"
"SO-9018","2023-12-08","P201","Mystic White Chocolate","51","CUST-1417"
"SO-9019","2024-02-24","P101","Magical Dark Chocolate","47","CUST-1393"
"SO-9020","2023-09-06","P101","Magical Dark Chocolate","83","CUST-1098"
"SO-9021","2026-02-22","P101","Magical Dark Chocolate","74","CUST-1121"
"SO-9022","2022-02-01","P103","Golden Cocoa Truffles","147","CUST-1332"
"SO-9023","2026-04-20","P102","Enchanted Milk Chocolate","63","CUST-1220"
"SO-9024","2026-07-18","P101","Magical Dark Chocolate","109","CUST-1363"
"SO-9025","2025-10-07","P102","Enchanted Milk Chocolate","14","CUST-1245"
"SO-9026","2022-01-08","P103","Golden Cocoa Truffles","106","CUST-1184"
"SO-9027","2022-02-14","P103","Golden Cocoa Truffles","173","CUST-1123"
"SO-9028","2024-12-10","P102","Enchanted Milk Chocolate","10","CUST-1444"
"SO-9029","2024-11-27","P201","Mystic White Chocolate","150","CUST-1316"
"SO-9030","2026-06-23","P103","Golden Cocoa Truffles","171","CUST-1442"
"SO-9031","2023-05-01","P101","Magical Dark Chocolate","87","CUST-1110"
"SO-9032","2025-12-20","P201","Mystic White Chocolate","176","CUST-1318"
"SO-9033","2022-03-28","P201","Mystic White Chocolate","89","CUST-1472"
"SO-9034","2026-06-13","P103","Golden Cocoa Truffles","150","CUST-1335"
"SO-9035","2022-07-22","P101","Magical Dark Chocolate","142","CUST-1418"
"SO-9036","2023-02-21","P201","Mystic White Chocolate","46","CUST-1083"
"SO-9037","2025-03-16","P201","Mystic White Chocolate","99","CUST-1096"
"SO-9038","2025-11-06","P101","Magical Dark Chocolate","174","CUST-1253"
"SO-9039","2023-08-30","P103","Golden Cocoa Truffles","186","CUST-1047"
"SO-9040","2022-12-28","P201","Mystic White Chocolate","135","CUST-1339"
"SO-9041","2023-09-24","P201","Mystic White Chocolate","169","CUST-1203"
"SO-9042","2023-08-05","P101","Magical Dark Chocolate","36","CUST-1098"
"SO-9043","2026-06-12","P102","Enchanted Milk Chocolate","56","CUST-1242"
"SO-9044","2022-06-11","P101","Magical Dark Chocolate","79","CUST-1077"
"SO-9045","2022-04-29","P201","Mystic White Chocolate","43","CUST-1273"
"SO-9046","2024-05-28","P102","Enchanted Milk Chocolate","31","CUST-1146"
"SO-9047","2026-08-28","P101","Magical Dark Chocolate","34","CUST-1169"
"SO-9048","2024-02-07","P101","Magical Dark Chocolate","174","CUST-1240"
"SO-9049","2022-11-29","P102","Enchanted Milk Chocolate","159","CUST-1434"
"SO-9050","2022-11-23","P201","Mystic White Chocolate","97","CUST-1055"
"SO-9051","2025-11-29","P101","Magical Dark Chocolate","93","CUST-1115"
"SO-9052","2025-10-26","P102","Enchanted Milk Chocolate","46","CUST-1147"
"SO-9053","2026-04-26","P101","Magical Dark Chocolate","193","CUST-1128"
"SO-9054","2023-03-25","P103","Golden Cocoa Truffles","67","CUST-1373"
"SO-9055","2024-07-18","P201","Mystic White Chocolate","115","CUST-1262"
"SO-9056","2024-05-02","P101","Magical Dark Chocolate","28","CUST-1400"
"SO-9057","2025-02-19","P103","Golden Cocoa Truffles","77","CUST-1025"
"SO-9058","2025-09-02","P103","Golden Cocoa Truffles","24","CUST-1417"
"SO-9059","2023-04-04","P103","Golden Cocoa Truffles","63","CUST-1181"
"SO-9060","2026-03-23","P102","Enchanted Milk Chocolate","126","CUST-1010"
"SO-9061","2024-06-02","P101","Magical Dark Chocolate","108","CUST-1397"
"SO-9062","2023-07-03","P103","Golden Cocoa Truffles","109","CUST-1127"
"SO-9063","2024-07-28","P102","Enchanted Milk Chocolate","130","CUST-1169"
"SO-9064","2026-04-18","P101","Magical Dark Chocolate","80","CUST-1153"
"SO-9065","2023-04-09","P101","Magical Dark Chocolate","44","CUST-1095"
"SO-9066","2024-01-21","P103","Golden Cocoa Truffles","16","CUST-1121"
"SO-9067","2025-07-08","P201","Mystic White Chocolate","22","CUST-1441"
"SO-9068","2024-10-02","P102","Enchanted Milk Chocolate","45","CUST-1233"
"SO-9069","2024-08-14","P101","Magical Dark Chocolate","18","CUST-1104"
"SO-9070","2024-02-10","P102","Enchanted Milk Chocolate","95","CUST-1374"
"SO-9071","2025-06-09","P102","Enchanted Milk Chocolate","144","CUST-1382"
"SO-9072","2024-03-08","P101","Magical Dark Chocolate","12","CUST-1117"
"SO-9073","2024-04-21","P101","Magical Dark Chocolate","148","CUST-1310"
"SO-9074","2023-09-20","P201","Mystic White Chocolate","105","CUST-1019"
"SO-9075","2024-08-04","P201","Mystic White Chocolate","55","CUST-1149"
"SO-9076","2024-01-28","P102","Enchanted Milk Chocolate","75","CUST-1289"
"SO-9077","2026-07-30","P101","Magical Dark Chocolate","95","CUST-1146"
"SO-9078","2023-07-26","P201","Mystic White Chocolate","69","CUST-1366"
"SO-9079","2023-01-28","P103","Golden Cocoa Truffles","84","CUST-1390"
"SO-9080","2022-09-27","P102","Enchanted Milk Chocolate","80","CUST-1035"
"SO-9081","2024-04-23","P102","Enchanted Milk Chocolate","83","CUST-1155"
"SO-9082","2023-12-06","P101","Magical Dark Chocolate","104","CUST-1212"
"SO-9083","2025-05-30","P103","Golden Cocoa Truffles","31","CUST-1230"
"SO-9084","2023-12-27","P103","Golden Cocoa Truffles","93","CUST-1064"
"SO-9085","2023-09-25","P103","Golden Cocoa Truffles","167","CUST-1059"
"SO-9086","2025-09-15","P201","Mystic White Chocolate","172","CUST-1240"
"SO-9087","2022-06-04","P201","Mystic White Chocolate","93","CUST-1168"
"SO-9088","2022-10-26","P101","Magical Dark Chocolate","178","CUST-1350"
"SO-9089","2023-04-22","P102","Enchanted Milk Chocolate","23","CUST-1151"
"SO-9090","2026-02-16","P102","Enchanted Milk Chocolate","91","CUST-1268"
"SO-9091","2025-06-17","P103","Golden Cocoa Truffles","10","CUST-1236"
"SO-9092","2026-01-20","P103","Golden Cocoa Truffles","190","CUST-1146"
"SO-9093","2026-05-14","P102","Enchanted Milk Chocolate","10","CUST-1278"
"SO-9094","2023-05-10","P101","Magical Dark Chocolate","22","CUST-1183"
"SO-9095","2024-10-16","P101","Magical Dark Chocolate","189","CUST-1347"
"SO-9096","2022-04-07","P101","Magical Dark Chocolate","171","CUST-1476"
"SO-9097","2025-07-26","P101","Magical Dark Chocolate","63","CUST-1338"
"SO-9098","2023-08-21","P103","Golden Cocoa Truffles","161","CUST-1176"
"SO-9099","2025-07-11","P101","Magical Dark Chocolate","84","CUST-1002"
"SO-9100","2026-03-23","P103","Golden Cocoa Truffles","173","CUST-1132"
"SO-9101","2024-12-27","P102","Enchanted Milk Chocolate","158","CUST-1348"
"SO-9102","2024-07-03","P102","Enchanted Milk Chocolate","85","CUST-1265"
"SO-9103","2025-09-01","P103","Golden Cocoa Truffles","193","CUST-1370"
"SO-9104","2024-12-29","P102","Enchanted Milk Chocolate","148","CUST-1340"
"SO-9105","2023-02-21","P103","Golden Cocoa Truffles","20","CUST-1455"
"SO-9106","2023-04-14","P101","Magical Dark Chocolate","158","CUST-1086"
"SO-9107","2022-11-13","P103","Golden Cocoa Truffles","78","CUST-1159"
"SO-9108","2023-09-01","P201","Mystic White Chocolate","135","CUST-1362"
"SO-9109","2022-12-28","P201","Mystic White Chocolate","181","CUST-1264"
"SO-9110","2026-04-06","P101","Magical Dark Chocolate","153","CUST-1353"
"SO-9111","2026-01-13","P103","Golden Cocoa Truffles","92","CUST-1063"
"SO-9112","2022-12-30","P101","Magical Dark Chocolate","151","CUST-1128"
"SO-9113","2023-08-01","P102","Enchanted Milk Chocolate","24","CUST-1088"
"SO-9114","2026-02-07","P103","Golden Cocoa Truffles","129","CUST-1107"
"SO-9115","2024-09-02","P103","Golden Cocoa Truffles","119","CUST-1280"
"SO-9116","2023-01-14","P102","Enchanted Milk Chocolate","128","CUST-1263"
"SO-9117","2022-03-14","P102","Enchanted Milk Chocolate","17","CUST-1399"
"SO-9118","2023-03-21","P101","Magical Dark Chocolate","116","CUST-1302"
"SO-9119","2023-01-07","P102","Enchanted Milk Chocolate","180","CUST-1132"
"SO-9120","2024-11-22","P102","Enchanted Milk Chocolate","190","CUST-1464"
"SO-9121","2023-02-04","P102","Enchanted Milk Chocolate","96","CUST-1099"
"SO-9122","2024-10-11","P103","Golden Cocoa Truffles","127","CUST-1026"
"SO-9123","2022-03-20","P101","Magical Dark Chocolate","56","CUST-1208"
"SO-9124","2023-10-05","P102","Enchanted Milk Chocolate","63","CUST-1175"
"SO-9125","2024-01-09","P101","Magical Dark Chocolate","23","CUST-1068"
"SO-9126","2025-01-25","P103","Golden Cocoa Truffles","22","CUST-1053"
"SO-9127","2022-08-10","P201","Mystic White Chocolate","81","CUST-1307"
"SO-9128","2026-09-10","P102","Enchanted Milk Chocolate","122","CUST-1225"
"SO-9129","2026-07-15","P102","Enchanted Milk Chocolate","183","CUST-1476"
"SO-9130","2023-01-27","P103","Golden Cocoa Truffles","23","CUST-1170"
"SO-9131","2023-04-08","P102","Enchanted Milk Chocolate","21","CUST-1268"
"SO-9132","2022-08-31","P201","Mystic White Chocolate","111","CUST-1043"
"SO-9133","2023-08-01","P103","Golden Cocoa Truffles","157","CUST-1194"
"SO-9134","2026-08-06","P102","Enchanted Milk Chocolate","11","CUST-1239"
"SO-9135","2026-08-27","P201","Mystic White Chocolate","58","CUST-1317"
"SO-9136","2022-08-06","P101","Magical Dark Chocolate","41","CUST-1406"
"SO-9137","2024-02-04","P201","Mystic White Chocolate","158","CUST-1080"
"SO-9138","2022-12-17","P103","Golden Cocoa Truffles","145","CUST-1333"
"SO-9139","2025-07-27","P201","Mystic White Chocolate","95","CUST-1280"
"SO-9140","2024-01-25","P102","Enchanted Milk Chocolate","83","CUST-1383"
"SO-9141","2022-08-02","P101","Magical Dark Chocolate","137","CUST-1251"
"SO-9142","2023-06-09","P102","Enchanted Milk Chocolate","72","CUST-1408"
"SO-9143","2025-07-26","P102","Enchanted Milk Chocolate","71","CUST-1255"
"SO-9144","2024-05-29","P103","Golden Cocoa Truffles","86","CUST-1016"
"SO-9145","2023-07-28","P103","Golden Cocoa Truffles","118","CUST-1192"
"SO-9146","2025-06-12","P103","Golden Cocoa Truffles","75","CUST-1272"
"SO-9147","2025-12-12","P201","Mystic White Chocolate","129","CUST-1233"
"SO-9148","2026-02-01","P103","Golden Cocoa Truffles","79","CUST-1207"
"SO-9149","2026-09-16","P103","Golden Cocoa Truffles","92","CUST-1086"
"SO-9150","2022-03-18","P201","Mystic White Chocolate","117","CUST-1227"
"SO-9151","2024-04-08","P101","Magical Dark Chocolate","185","CUST-1173"
"SO-9152","2023-03-17","P103","Golden Cocoa Truffles","104","CUST-1072"
"SO-9153","2025-05-09","P101","Magical Dark Chocolate","147","CUST-1375"
"SO-9154","2022-05-13","P102","Enchanted Milk Chocolate","10","CUST-1016"
"SO-9155","2023-04-06","P102","Enchanted Milk Chocolate","173","CUST-1051"
"SO-9156","2026-05-15","P103","Golden Cocoa Truffles","21","CUST-1145"
"SO-9157","2026-04-14","P102","Enchanted Milk Chocolate","29","CUST-1147"
"SO-9158","2022-07-03","P102","Enchanted Milk Chocolate","110","CUST-1007"
"SO-9159","2025-04-13","P102","Enchanted Milk Chocolate","98","CUST-1166"
"SO-9160","2024-08-23","P101","Magical Dark Chocolate","118","CUST-1031"
"SO-9161","2022-03-14","P201","Mystic White Chocolate","59","CUST-1216"
"SO-9162","2026-01-03","P103","Golden Cocoa Truffles","110","CUST-1357"
"SO-9163","2023-09-23","P201","Mystic White Chocolate","158","CUST-1094"
"SO-9164","2024-02-26","P201","Mystic White Chocolate","197","CUST-1030"
"SO-9165","2025-10-23","P102","Enchanted Milk Chocolate","163","CUST-1329"
"SO-9166","2025-02-13","P101","Magical Dark Chocolate","59","CUST-1413"
"SO-9167","2026-04-04","P103","Golden Cocoa Truffles","178","CUST-1480"
"SO-9168","2023-09-24","P201","Mystic White Chocolate","65","CUST-1362"
"SO-9169","2022-08-28","P102","Enchanted Milk Chocolate","165","CUST-1486"
"SO-9170","2025-12-09","P102","Enchanted Milk Chocolate","150","CUST-1014"
"SO-9171","2024-03-12","P201","Mystic White Chocolate","186","CUST-1065"
"SO-9172","2022-10-10","P102","Enchanted Milk Chocolate","137","CUST-1162"
"SO-9173","2022-08-18","P102","Enchanted Milk Chocolate","38","CUST-1311"
"SO-9174","2026-03-10","P103","Golden Cocoa Truffles","36","CUST-1349"
"SO-9175","2024-10-03","P101","Magical Dark Chocolate","49","CUST-1380"
"SO-9176","2025-03-19","P201","Mystic White Chocolate","85","CUST-1362"
"SO-9177","2023-03-15","P101","Magical Dark Chocolate","138","CUST-1088"
"SO-9178","2025-04-12","P102","Enchanted Milk Chocolate","180","CUST-1158"
"SO-9179","2026-07-28","P201","Mystic White Chocolate","158","CUST-1385"
"SO-9180","2026-07-08","P101","Magical Dark Chocolate","200","CUST-1004"
"SO-9181","2025-10-31","P101","Magical Dark Chocolate","10","CUST-1068"
"SO-9182","2024-04-21","P101","Magical Dark Chocolate","112","CUST-1347"
"SO-9183","2025-09-18","P102","Enchanted Milk Chocolate","155","CUST-1494"
"SO-9184","2023-01-17","P103","Golden Cocoa Truffles","93","CUST-1464"
"SO-9185","2024-03-14","P102","Enchanted Milk Chocolate","177","CUST-1401"
"SO-9186","2026-05-19","P201","Mystic White Chocolate","94","CUST-1456"
"SO-9187","2024-09-20","P201","Mystic White Chocolate","166","CUST-1176"
"SO-9188","2022-04-21","P201","Mystic White Chocolate","177","CUST-1276"
"SO-9189","2022-07-04","P101","Magical Dark Chocolate","94","CUST-1230"
"SO-9190","2024-01-04","P101","Magical Dark Chocolate","105","CUST-1191"
"SO-9191","2026-01-23","P103","Golden Cocoa Truffles","140","CUST-1437"
"SO-9192","2023-11-04","P101","Magical Dark Chocolate","64","CUST-1287"
"SO-9193","2025-09-30","P201","Mystic White Chocolate","101","CUST-1283"
"SO-9194","2024-03-18","P101","Magical Dark Chocolate","23","CUST-1364"
"SO-9195","2022-01-31","P201","Mystic White Chocolate","85","CUST-1499"
"SO-9196","2022-05-31","P201","Mystic White Chocolate","179","CUST-1138"
"SO-9197","2024-08-29","P103","Golden Cocoa Truffles","52","CUST-1289"
"SO-9198","2023-03-25","P102","Enchanted Milk Chocolate","101","CUST-1391"
"SO-9199","2025-02-25","P201","Mystic White Chocolate","96","CUST-1344"
"SO-9200","2025-09-18","P102","Enchanted Milk Chocolate","168","CUST-1059"
"SO-9201","2022-01-30","P101","Magical Dark Chocolate","27","CUST-1198"
"SO-9202","2024-03-22","P101","Magical Dark Chocolate","37","CUST-1197"
"SO-9203","2025-09-26","P201","Mystic White Chocolate","57","CUST-1434"
"SO-9204","2023-09-20","P103","Golden Cocoa Truffles","77","CUST-1008"
"SO-9205","2025-10-21","P201","Mystic White Chocolate","17","CUST-1021"
"SO-9206","2022-10-02","P103","Golden Cocoa Truffles","44","CUST-1091"
"SO-9207","2024-05-09","P102","Enchanted Milk Chocolate","173","CUST-1244"
"SO-9208","2023-03-09","P101","Magical Dark Chocolate","193","CUST-1256"
"SO-9209","2023-08-19","P102","Enchanted Milk Chocolate","170","CUST-1189"
"SO-9210","2022-03-17","P201","Mystic White Chocolate","35","CUST-1443"
"SO-9211","2022-06-15","P102","Enchanted Milk Chocolate","181","CUST-1114"
"SO-9212","2024-07-06","P101","Magical Dark Chocolate","153","CUST-1374"
"SO-9213","2022-10-13","P101","Magical Dark Chocolate","185","CUST-1147"
"SO-9214","2025-09-11","P103","Golden Cocoa Truffles","78","CUST-1291"
"SO-9215","2022-10-12","P201","Mystic White Chocolate","93","CUST-1332"
"SO-9216","2025-05-05","P103","Golden Cocoa Truffles","179","CUST-1184"
"SO-9217","2025-08-25","P201","Mystic White Chocolate","45","CUST-1363"
"SO-9218","2024-09-09","P103","Golden Cocoa Truffles","112","CUST-1015"
"SO-9219","2025-03-07","P102","Enchanted Milk Chocolate","171","CUST-1175"
"SO-9220","2023-02-18","P103","Golden Cocoa Truffles","120","CUST-1461"
"SO-9221","2023-03-20","P103","Golden Cocoa Truffles","22","CUST-1417"
"SO-9222","2026-05-02","P103","Golden Cocoa Truffles","12","CUST-1211"
"SO-9223","2026-01-12","P103","Golden Cocoa Truffles","79","CUST-1334"
"SO-9224","2026-07-24","P201","Mystic White Chocolate","72","CUST-1107"
"SO-9225","2024-01-31","P103","Golden Cocoa Truffles","121","CUST-1029"
"SO-9226","2022-04-26","P101","Magical Dark Chocolate","136","CUST-1289"
"SO-9227","2026-09-24","P101","Magical Dark Chocolate","165","CUST-1212"
"SO-9228","2023-08-16","P103","Golden Cocoa Truffles","35","CUST-1153"
"SO-9229","2022-04-13","P201","Mystic White Chocolate","125","CUST-1135"
"SO-9230","2023-04-19","P102","Enchanted Milk Chocolate","82","CUST-1128"
"SO-9231","2022-08-16","P201","Mystic White Chocolate","17","CUST-1325"
"SO-9232","2025-01-22","P102","Enchanted Milk Chocolate","22","CUST-1425"
"SO-9233","2026-08-22","P101","Magical Dark Chocolate","170","CUST-1490"
"SO-9234","2025-04-12","P101","Magical Dark Chocolate","45","CUST-1188"
"SO-9235","2024-06-01","P103","Golden Cocoa Truffles","75","CUST-1275"
"SO-9236","2022-08-04","P201","Mystic White Chocolate","13","CUST-1232"
"SO-9237","2024-12-10","P102","Enchanted Milk Chocolate","156","CUST-1038"
"SO-9238","2022-11-18","P101","Magical Dark Chocolate","155","CUST-1053"
"SO-9239","2024-02-28","P103","Golden Cocoa Truffles","161","CUST-1337"
"SO-9240","2024-07-22","P102","Enchanted Milk Chocolate","175","CUST-1404"
"SO-9241","2022-07-31","P101","Magical Dark Chocolate","142","CUST-1261"
"SO-9242","2022-08-30","P201","Mystic White Chocolate","118","CUST-1208"
"SO-9243","2026-06-06","P102","Enchanted Milk Chocolate","43","CUST-1266"
"SO-9244","2023-10-15","P201","Mystic White Chocolate","159","CUST-1144"
"SO-9245","2025-08-08","P201","Mystic White Chocolate","91","CUST-1242"
"SO-9246","2024-11-30","P102","Enchanted Milk Chocolate","184","CUST-1198"
"SO-9247","2024-03-25","P102","Enchanted Milk Chocolate","108","CUST-1321"
"SO-9248","2026-01-16","P103","Golden Cocoa Truffles","102","CUST-1272"
"SO-9249","2022-01-30","P102","Enchanted Milk Chocolate","95","CUST-1365"
"SO-9250","2026-09-27","P101","Magical Dark Chocolate","189","CUST-1199"
"SO-9251","2026-05-21","P101","Magical Dark Chocolate","78","CUST-1490"
"SO-9252","2026-03-21","P103","Golden Cocoa Truffles","169","CUST-1285"
"SO-9253","2025-05-30","P101","Magical Dark Chocolate","144","CUST-1117"
"SO-9254","2026-02-22","P201","Mystic White Chocolate","78","CUST-1403"
"SO-9255","2024-05-15","P101","Magical Dark Chocolate","42","CUST-1185"
"SO-9256","2024-09-15","P201","Mystic White Chocolate","12","CUST-1082"
"SO-9257","2025-02-17","P201","Mystic White Chocolate","126","CUST-1330"
"SO-9258","2024-03-10","P102","Enchanted Milk Chocolate","91","CUST-1445"
"SO-9259","2025-07-26","P201","Mystic White Chocolate","136","CUST-1050"
"SO-9260","2024-05-02","P101","Magical Dark Chocolate","63","CUST-1150"
"SO-9261","2025-09-26","P102","Enchanted Milk Chocolate","80","CUST-1092"
"SO-9262","2022-03-29","P103","Golden Cocoa Truffles","17","CUST-1297"
"SO-9263","2025-10-26","P101","Magical Dark Chocolate","59","CUST-1075"
"SO-9264","2025-10-03","P101","Magical Dark Chocolate","143","CUST-1179"
"SO-9265","2025-08-11","P101","Magical Dark Chocolate","28","CUST-1337"
"SO-9266","2025-06-13","P103","Golden Cocoa Truffles","23","CUST-1262"
"SO-9267","2025-12-06","P101","Magical Dark Chocolate","104","CUST-1214"
"SO-9268","2024-04-20","P201","Mystic White Chocolate","142","CUST-1219"
"SO-9269","2022-03-01","P102","Enchanted Milk Chocolate","169","CUST-1345"
"SO-9270","2022-08-03","P102","Enchanted Milk Chocolate","12","CUST-1405"
"SO-9271","2022-06-25","P201","Mystic White Chocolate","136","CUST-1478"
"SO-9272","2024-08-07","P103","Golden Cocoa Truffles","10","CUST-1228"
"SO-9273","2022-09-19","P201","Mystic White Chocolate","139","CUST-1281"
"SO-9274","2026-02-10","P102","Enchanted Milk Chocolate","148","CUST-1301"
"SO-9275","2025-07-21","P201","Mystic White Chocolate","168","CUST-1490"
"SO-9276","2026-07-08","P101","Magical Dark Chocolate","157","CUST-1245"
"SO-9277","2022-10-18","P103","Golden Cocoa Truffles","96","CUST-1155"
"SO-9278","2025-12-20","P101","Magical Dark Chocolate","87","CUST-1385"
"SO-9279","2024-06-09","P102","Enchanted Milk Chocolate","193","CUST-1246"
"SO-9280","2022-09-01","P201","Mystic White Chocolate","125","CUST-1375"
"SO-9281","2026-01-14","P201","Mystic White Chocolate","142","CUST-1247"
"SO-9282","2024-12-24","P102","Enchanted Milk Chocolate","63","CUST-1132"
"SO-9283","2024-10-03","P103","Golden Cocoa Truffles","41","CUST-1395"
"SO-9284","2023-11-04","P102","Enchanted Milk Chocolate","27","CUST-1450"
"SO-9285","2022-05-17","P103","Golden Cocoa Truffles","142","CUST-1490"
"SO-9286","2024-04-29","P103","Golden Cocoa Truffles","59","CUST-1456"
"SO-9287","2024-11-05","P201","Mystic White Chocolate","42","CUST-1209"
"SO-9288","2024-08-15","P103","Golden Cocoa Truffles","135","CUST-1422"
"SO-9289","2025-10-22","P101","Magical Dark Chocolate","14","CUST-1140"
"SO-9290","2024-04-08","P201","Mystic White Chocolate","152","CUST-1500"
"SO-9291","2025-07-07","P101","Magical Dark Chocolate","20","CUST-1162"
"SO-9292","2024-12-16","P102","Enchanted Milk Chocolate","150","CUST-1392"
"SO-9293","2024-11-12","P101","Magical Dark Chocolate","123","CUST-1202"
"SO-9294","2025-10-27","P103","Golden Cocoa Truffles","37","CUST-1009"
"SO-9295","2025-06-22","P201","Mystic White Chocolate","37","CUST-1475"
"SO-9296","2025-10-06","P103","Golden Cocoa Truffles","109","CUST-1398"
"SO-9297","2022-08-28","P101","Magical Dark Chocolate","56","CUST-1456"
"SO-9298","2023-10-08","P103","Golden Cocoa Truffles","49","CUST-1325"
"SO-9299","2024-09-17","P101","Magical Dark Chocolate","122","CUST-1443"
"SO-9300","2023-08-10","P102","Enchanted Milk Chocolate","159","CUST-1284"
"SO-9301","2022-09-07","P102","Enchanted Milk Chocolate","94","CUST-1180"
"SO-9302","2026-05-02","P201","Mystic White Chocolate","78","CUST-1316"
"SO-9303","2024-11-13","P102","Enchanted Milk Chocolate","20","CUST-1218"
"SO-9304","2026-06-15","P103","Golden Cocoa Truffles","93","CUST-1221"
"SO-9305","2024-06-13","P102","Enchanted Milk Chocolate","196","CUST-1422"
"SO-9306","2025-01-15","P201","Mystic White Chocolate","45","CUST-1302"
"SO-9307","2022-07-15","P102","Enchanted Milk Chocolate","21","CUST-1487"
"SO-9308","2025-07-08","P201","Mystic White Chocolate","22","CUST-1012"
"SO-9309","2022-12-03","P103","Golden Cocoa Truffles","21","CUST-1386"
"SO-9310","2026-03-06","P103","Golden Cocoa Truffles","72","CUST-1366"
"SO-9311","2025-06-20","P101","Magical Dark Chocolate","75","CUST-1306"
"SO-9312","2022-03-16","P101","Magical Dark Chocolate","36","CUST-1354"
"SO-9313","2024-12-06","P102","Enchanted Milk Chocolate","189","CUST-1171"
"SO-9314","2023-06-23","P201","Mystic White Chocolate","157","CUST-1007"
"SO-9315","2025-02-23","P201","Mystic White Chocolate","98","CUST-1284"
"SO-9316","2025-09-21","P103","Golden Cocoa Truffles","151","CUST-1419"
"SO-9317","2024-06-17","P103","Golden Cocoa Truffles","22","CUST-1218"
"SO-9318","2022-12-02","P101","Magical Dark Chocolate","38","CUST-1292"
"SO-9319","2025-09-14","P102","Enchanted Milk Chocolate","156","CUST-1083"
"SO-9320","2022-01-16","P201","Mystic White Chocolate","17","CUST-1168"
"SO-9321","2024-01-08","P201","Mystic White Chocolate","58","CUST-1089"
"SO-9322","2022-12-07","P102","Enchanted Milk Chocolate","112","CUST-1012"
"SO-9323","2022-11-05","P201","Mystic White Chocolate","120","CUST-1426"
"SO-9324","2025-12-21","P101","Magical Dark Chocolate","156","CUST-1453"
"SO-9325","2024-05-18","P102","Enchanted Milk Chocolate","98","CUST-1417"
"SO-9326","2023-03-08","P101","Magical Dark Chocolate","37","CUST-1439"
"SO-9327","2026-08-16","P102","Enchanted Milk Chocolate","76","CUST-1164"
"SO-9328","2023-04-09","P101","Magical Dark Chocolate","22","CUST-1238"
"SO-9329","2024-03-10","P101","Magical Dark Chocolate","121","CUST-1310"
"SO-9330","2023-11-09","P102","Enchanted Milk Chocolate","119","CUST-1296"
"SO-9331","2025-09-15","P201","Mystic White Chocolate","106","CUST-1168"
"SO-9332","2022-04-01","P102","Enchanted Milk Chocolate","92","CUST-1291"
"SO-9333","2023-01-28","P102","Enchanted Milk Chocolate","91","CUST-1398"
"SO-9334","2025-08-13","P103","Golden Cocoa Truffles","178","CUST-1205"
"SO-9335","2026-08-01","P101","Magical Dark Chocolate","55","CUST-1328"
"SO-9336","2022-08-30","P101","Magical Dark Chocolate","127","CUST-1274"
"SO-9337","2022-05-01","P101","Magical Dark Chocolate","180","CUST-1466"
"SO-9338","2022-05-24","P101","Magical Dark Chocolate","76","CUST-1383"
"SO-9339","2025-04-19","P102","Enchanted Milk Chocolate","73","CUST-1137"
"SO-9340","2023-05-22","P101","Magical Dark Chocolate","143","CUST-1289"
"SO-9341","2024-06-18","P103","Golden Cocoa Truffles","197","CUST-1052"
"SO-9342","2024-08-13","P102","Enchanted Milk Chocolate","148","CUST-1036"
"SO-9343","2025-09-08","P101","Magical Dark Chocolate","179","CUST-1342"
"SO-9344","2024-05-22","P201","Mystic White Chocolate","142","CUST-1019"
"SO-9345","2024-03-31","P201","Mystic White Chocolate","130","CUST-1366"
"SO-9346","2025-07-04","P201","Mystic White Chocolate","67","CUST-1313"
"SO-9347","2026-03-14","P101","Magical Dark Chocolate","156","CUST-1217"
"SO-9348","2026-09-28","P102","Enchanted Milk Chocolate","25","CUST-1353"
"SO-9349","2022-01-02","P101","Magical Dark Chocolate","181","CUST-1360"
"SO-9350","2024-01-15","P201","Mystic White Chocolate","95","CUST-1420"
"SO-9351","2026-09-27","P103","Golden Cocoa Truffles","182","CUST-1258"
"SO-9352","2024-04-05","P103","Golden Cocoa Truffles","100","CUST-1158"
"SO-9353","2023-04-20","P102","Enchanted Milk Chocolate","79","CUST-1168"
"SO-9354","2026-08-29","P102","Enchanted Milk Chocolate","144","CUST-1498"
"SO-9355","2025-09-16","P102","Enchanted Milk Chocolate","198","CUST-1348"
"SO-9356","2022-05-11","P201","Mystic White Chocolate","43","CUST-1295"
"SO-9357","2024-02-22","P201","Mystic White Chocolate","115","CUST-1218"
"SO-9358","2024-09-09","P101","Magical Dark Chocolate","189","CUST-1316"
"SO-9359","2023-10-17","P201","Mystic White Chocolate","51","CUST-1138"
"SO-9360","2022-04-16","P201","Mystic White Chocolate","94","CUST-1418"
"SO-9361","2024-06-18","P201","Mystic White Chocolate","186","CUST-1454"
"SO-9362","2024-06-10","P102","Enchanted Milk Chocolate","168","CUST-1479"
"SO-9363","2026-05-14","P101","Magical Dark Chocolate","97","CUST-1166"
"SO-9364","2023-12-16","P101","Magical Dark Chocolate","42","CUST-1173"
"SO-9365","2023-11-27","P102","Enchanted Milk Chocolate","195","CUST-1311"
"SO-9366","2025-05-27","P103","Golden Cocoa Truffles","139","CUST-1149"
"SO-9367","2025-04-25","P102","Enchanted Milk Chocolate","176","CUST-1439"
"SO-9368","2022-02-02","P103","Golden Cocoa Truffles","148","CUST-1021"
"SO-9369","2023-07-26","P102","Enchanted Milk Chocolate","190","CUST-1138"
"SO-9370","2024-02-27","P101","Magical Dark Chocolate","11","CUST-1395"
"SO-9371","2022-04-21","P101","Magical Dark Chocolate","29","CUST-1088"
"SO-9372","2025-03-19","P101","Magical Dark Chocolate","33","CUST-1182"
"SO-9373","2024-11-04","P101","Magical Dark Chocolate","14","CUST-1178"
"SO-9374","2025-11-25","P201","Mystic White Chocolate","59","CUST-1379"
"SO-9375","2026-05-26","P102","Enchanted Milk Chocolate","78","CUST-1421"
"SO-9376","2022-02-10","P103","Golden Cocoa Truffles","57","CUST-1050"
"SO-9377","2024-08-01","P101","Magical Dark Chocolate","158","CUST-1348"
"SO-9378","2022-05-18","P102","Enchanted Milk Chocolate","200","CUST-1172"
"SO-9379","2022-07-25","P201","Mystic White Chocolate","134","CUST-1292"
"SO-9380","2022-12-04","P102","Enchanted Milk Chocolate","35","CUST-1325"
"SO-9381","2022-07-28","P201","Mystic White Chocolate","48","CUST-1246"
"SO-9382","2025-04-03","P102","Enchanted Milk Chocolate","82","CUST-1420"
"SO-9383","2023-08-29","P103","Golden Cocoa Truffles","96","CUST-1310"
"SO-9384","2023-05-08","P101","Magical Dark Chocolate","147","CUST-1377"
"SO-9385","2023-11-19","P101","Magical Dark Chocolate","71","CUST-1282"
"SO-9386","2023-04-25","P102","Enchanted Milk Chocolate","32","CUST-1142"
"SO-9387","2024-07-15","P103","Golden Cocoa Truffles","190","CUST-1452"
"SO-9388","2024-11-29","P102","Enchanted Milk Chocolate","82","CUST-1342"
"SO-9389","2025-10-06","P101","Magical Dark Chocolate","184","CUST-1166"
"SO-9390","2022-09-13","P101","Magical Dark Chocolate","35","CUST-1361"
"SO-9391","2024-11-09","P103","Golden Cocoa Truffles","142","CUST-1446"
"SO-9392","2025-07-02","P103","Golden Cocoa Truffles","11","CUST-1041"
"SO-9393","2025-10-12","P102","Enchanted Milk Chocolate","99","CUST-1166"
"SO-9394","2023-02-22","P101","Magical Dark Chocolate","89","CUST-1234"
"SO-9395","2022-11-03","P103","Golden Cocoa Truffles","22","CUST-1194"
"SO-9396","2022-11-01","P103","Golden Cocoa Truffles","37","CUST-1151"
"SO-9397","2024-12-02","P103","Golden Cocoa Truffles","197","CUST-1033"
"SO-9398","2023-12-27","P201","Mystic White Chocolate","183","CUST-1449"
"SO-9399","2024-09-22","P201","Mystic White Chocolate","172","CUST-1501"
"SO-9400","2023-01-30","P103","Golden Cocoa Truffles","20","CUST-1098"
"SO-9401","2026-07-25","P102","Enchanted Milk Chocolate","184","CUST-1152"
"SO-9402","2026-01-11","P201","Mystic White Chocolate","129","CUST-1197"
"SO-9403","2026-09-06","P103","Golden Cocoa Truffles","106","CUST-1065"
"SO-9404","2022-09-07","P103","Golden Cocoa Truffles","100","CUST-1095"
"SO-9405","2026-09-05","P102","Enchanted Milk Chocolate","80","CUST-1390"
"SO-9406","2025-09-18","P101","Magical Dark Chocolate","163","CUST-1342"
"SO-9407","2022-11-15","P102","Enchanted Milk Chocolate","56","CUST-1128"
"SO-9408","2025-09-11","P103","Golden Cocoa Truffles","190","CUST-1409"
"SO-9409","2022-10-12","P101","Magical Dark Chocolate","69","CUST-1070"
"SO-9410","2026-01-20","P101","Magical Dark Chocolate","117","CUST-1140"
"SO-9411","2022-02-14","P101","Magical Dark Chocolate","161","CUST-1423"
"SO-9412","2025-08-09","P201","Mystic White Chocolate","54","CUST-1122"
"SO-9413","2025-01-23","P102","Enchanted Milk Chocolate","12","CUST-1297"
"SO-9414","2026-06-22","P101","Magical Dark Chocolate","34","CUST-1288"
"SO-9415","2025-05-11","P201","Mystic White Chocolate","187","CUST-1252"
"SO-9416","2026-02-08","P102","Enchanted Milk Chocolate","68","CUST-1144"
"SO-9417","2022-12-26","P101","Magical Dark Chocolate","106","CUST-1322"
"SO-9418","2023-12-06","P102","Enchanted Milk Chocolate","10","CUST-1340"
"SO-9419","2023-07-04","P101","Magical Dark Chocolate","156","CUST-1065"
"SO-9420","2022-01-06","P101","Magical Dark Chocolate","27","CUST-1292"
"SO-9421","2024-11-09","P103","Golden Cocoa Truffles","84","CUST-1341"
"SO-9422","2024-02-16","P102","Enchanted Milk Chocolate","60","CUST-1369"
"SO-9423","2024-11-09","P102","Enchanted Milk Chocolate","11","CUST-1484"
"SO-9424","2022-01-30","P101","Magical Dark Chocolate","69","CUST-1251"
"SO-9425","2026-08-16","P102","Enchanted Milk Chocolate","74","CUST-1092"
"SO-9426","2023-11-11","P103","Golden Cocoa Truffles","69","CUST-1107"
"SO-9427","2026-05-12","P101","Magical Dark Chocolate","183","CUST-1107"
"SO-9428","2023-01-28","P101","Magical Dark Chocolate","160","CUST-1032"
"SO-9429","2025-07-24","P101","Magical Dark Chocolate","102","CUST-1069"
"SO-9430","2023-11-23","P101","Magical Dark Chocolate","199","CUST-1053"
"SO-9431","2022-05-25","P201","Mystic White Chocolate","18","CUST-1398"
"SO-9432","2022-10-01","P201","Mystic White Chocolate","51","CUST-1085"
"SO-9433","2026-09-12","P101","Magical Dark Chocolate","176","CUST-1384"
"SO-9434","2025-01-13","P201","Mystic White Chocolate","195","CUST-1324"
"SO-9435","2024-02-06","P201","Mystic White Chocolate","80","CUST-1131"
"SO-9436","2026-05-11","P201","Mystic White Chocolate","32","CUST-1157"
"SO-9437","2026-06-22","P102","Enchanted Milk Chocolate","53","CUST-1480"
"SO-9438","2026-02-25","P102","Enchanted Milk Chocolate","69","CUST-1395"
"SO-9439","2026-01-20","P201","Mystic White Chocolate","107","CUST-1222"
"SO-9440","2024-06-30","P201","Mystic White Chocolate","78","CUST-1254"
"SO-9441","2024-02-11","P102","Enchanted Milk Chocolate","143","CUST-1063"
"SO-9442","2025-01-01","P201","Mystic White Chocolate","129","CUST-1482"
"SO-9443","2022-11-18","P102","Enchanted Milk Chocolate","64","CUST-1409"
"SO-9444","2023-02-07","P201","Mystic White Chocolate","135","CUST-1118"
"SO-9445","2025-05-02","P101","Magical Dark Chocolate","192","CUST-1405"
"SO-9446","2025-11-13","P103","Golden Cocoa Truffles","19","CUST-1410"
"SO-9447","2024-10-23","P103","Golden Cocoa Truffles","195","CUST-1163"
"SO-9448","2024-10-25","P201","Mystic White Chocolate","133","CUST-1283"
"SO-9449","2022-11-21","P103","Golden Cocoa Truffles","69","CUST-1037"
"SO-9450","2024-11-20","P101","Magical Dark Chocolate","37","CUST-1003"
"SO-9451","2022-03-30","P101","Magical Dark Chocolate","56","CUST-1162"
"SO-9452","2022-08-24","P101","Magical Dark Chocolate","148","CUST-1288"
"SO-9453","2025-01-26","P102","Enchanted Milk Chocolate","171","CUST-1266"
"SO-9454","2022-06-25","P101","Magical Dark Chocolate","69","CUST-1137"
"SO-9455","2022-12-01","P102","Enchanted Milk Chocolate","64","CUST-1139"
"SO-9456","2024-01-24","P103","Golden Cocoa Truffles","125","CUST-1433"
"SO-9457","2023-01-18","P103","Golden Cocoa Truffles","22","CUST-1031"
"SO-9458","2022-09-11","P101","Magical Dark Chocolate","63","CUST-1221"
"SO-9459","2022-01-04","P103","Golden Cocoa Truffles","189","CUST-1009"
"SO-9460","2023-08-06","P103","Golden Cocoa Truffles","47","CUST-1118"
"SO-9461","2022-08-01","P103","Golden Cocoa Truffles","149","CUST-1329"
"SO-9462","2023-08-21","P101","Magical Dark Chocolate","200","CUST-1421"
"SO-9463","2026-02-18","P201","Mystic White Chocolate","124","CUST-1374"
"SO-9464","2025-11-16","P201","Mystic White Chocolate","193","CUST-1413"
"SO-9465","2022-05-23","P201","Mystic White Chocolate","162","CUST-1039"
"SO-9466","2025-01-18","P201","Mystic White Chocolate","10","CUST-1003"
"SO-9467","2026-04-16","P101","Magical Dark Chocolate","85","CUST-1465"
"SO-9468","2024-03-30","P102","Enchanted Milk Chocolate","162","CUST-1134"
"SO-9469","2026-04-10","P103","Golden Cocoa Truffles","50","CUST-1017"
"SO-9470","2023-11-21","P201","Mystic White Chocolate","18","CUST-1407"
"SO-9471","2024-06-22","P101","Magical Dark Chocolate","176","CUST-1040"
"SO-9472","2024-11-08","P201","Mystic White Chocolate","149","CUST-1412"
"SO-9473","2025-07-23","P103","Golden Cocoa Truffles","76","CUST-1066"
"SO-9474","2025-05-21","P102","Enchanted Milk Chocolate","91","CUST-1317"
"SO-9475","2025-10-23","P101","Magical Dark Chocolate","175","CUST-1021"
"SO-9476","2022-09-25","P101","Magical Dark Chocolate","59","CUST-1454"
"SO-9477","2024-06-05","P103","Golden Cocoa Truffles","98","CUST-1003"
"SO-9478","2022-06-02","P103","Golden Cocoa Truffles","17","CUST-1467"
"SO-9479","2026-09-04","P103","Golden Cocoa Truffles","23","CUST-1042"
"SO-9480","2023-10-10","P103","Golden Cocoa Truffles","11","CUST-1410"
"SO-9481","2023-05-27","P102","Enchanted Milk Chocolate","118","CUST-1435"
"SO-9482","2025-11-25","P103","Golden Cocoa Truffles","101","CUST-1074"
"SO-9483","2024-11-20","P103","Golden Cocoa Truffles","123","CUST-1087"
"SO-9484","2023-01-24","P101","Magical Dark Chocolate","104","CUST-1125"
"SO-9485","2024-04-01","P103","Golden Cocoa Truffles","78","CUST-1277"
"SO-9486","2024-11-11","P102","Enchanted Milk Chocolate","129","CUST-1404"
"SO-9487","2023-11-25","P102","Enchanted Milk Chocolate","25","CUST-1286"
"SO-9488","2023-07-06","P102","Enchanted Milk Chocolate","57","CUST-1255"
"SO-9489","2022-04-22","P103","Golden Cocoa Truffles","100","CUST-1227"
"SO-9490","2023-07-25","P201","Mystic White Chocolate","186","CUST-1202"
"SO-9491","2025-01-30","P103","Golden Cocoa Truffles","169","CUST-1165"
"SO-9492","2026-09-05","P103","Golden Cocoa Truffles","79","CUST-1006"
"SO-9493","2025-07-25","P201","Mystic White Chocolate","176","CUST-1425"
"SO-9494","2025-07-18","P102","Enchanted Milk Chocolate","11","CUST-1204"
"SO-9495","2023-02-21","P102","Enchanted Milk Chocolate","150","CUST-1369"
"SO-9496","2024-12-28","P103","Golden Cocoa Truffles","200","CUST-1368"
"SO-9497","2024-08-07","P201","Mystic White Chocolate","189","CUST-1118"
"SO-9498","2022-04-30","P102","Enchanted Milk Chocolate","139","CUST-1458"
"SO-9499","2022-05-07","P101","Magical Dark Chocolate","68","CUST-1465"
"SO-9500","2025-02-26","P103","Golden Cocoa Truffles","144","CUST-1459"
"SO-9501","2025-12-05","P101","Magical Dark Chocolate","23","CUST-1471"
"SO-9502","2023-07-08","P102","Enchanted Milk Chocolate","50","CUST-1392"
"SO-9503","2024-08-10","P102","Enchanted Milk Chocolate","118","CUST-1140"
"SO-9504","2022-05-23","P201","Mystic White Chocolate","149","CUST-1333"
"SO-9505","2024-05-15","P103","Golden Cocoa Truffles","159","CUST-1263"
"SO-9506","2023-11-22","P103","Golden Cocoa Truffles","25","CUST-1345"
"SO-9507","2024-07-03","P102","Enchanted Milk Chocolate","199","CUST-1083"
"SO-9508","2024-11-15","P201","Mystic White Chocolate","19","CUST-1419"
"SO-9509","2022-06-15","P201","Mystic White Chocolate","101","CUST-1486"
"SO-9510","2022-07-05","P201","Mystic White Chocolate","30","CUST-1264"
"SO-9511","2023-08-20","P201","Mystic White Chocolate","106","CUST-1370"
"SO-9512","2025-09-18","P101","Magical Dark Chocolate","127","CUST-1265"
"SO-9513","2023-07-26","P101","Magical Dark Chocolate","89","CUST-1007"
"SO-9514","2026-06-21","P102","Enchanted Milk Chocolate","54","CUST-1469"
"SO-9515","2022-08-17","P201","Mystic White Chocolate","122","CUST-1141"
"SO-9516","2023-11-11","P103","Golden Cocoa Truffles","37","CUST-1107"
"SO-9517","2025-12-01","P201","Mystic White Chocolate","40","CUST-1215"
"SO-9518","2025-03-23","P102","Enchanted Milk Chocolate","175","CUST-1482"
"SO-9519","2023-04-11","P102","Enchanted Milk Chocolate","74","CUST-1251"
"SO-9520","2026-09-07","P103","Golden Cocoa Truffles","154","CUST-1490"
"SO-9521","2025-12-30","P102","Enchanted Milk Chocolate","128","CUST-1209"
"SO-9522","2024-08-24","P103","Golden Cocoa Truffles","66","CUST-1016"
"SO-9523","2022-05-11","P201","Mystic White Chocolate","172","CUST-1089"
"SO-9524","2026-09-24","P103","Golden Cocoa Truffles","97","CUST-1210"
"SO-9525","2025-11-18","P201","Mystic White Chocolate","167","CUST-1026"
"SO-9526","2024-02-23","P201","Mystic White Chocolate","156","CUST-1391"
"SO-9527","2024-11-25","P201","Mystic White Chocolate","67","CUST-1370"
"SO-9528","2023-11-27","P103","Golden Cocoa Truffles","96","CUST-1182"
"SO-9529","2025-03-21","P102","Enchanted Milk Chocolate","122","CUST-1277"
"SO-9530","2022-07-01","P103","Golden Cocoa Truffles","116","CUST-1393"
"SO-9531","2025-02-03","P101","Magical Dark Chocolate","82","CUST-1287"
"SO-9532","2026-08-08","P201","Mystic White Chocolate","172","CUST-1109"
"SO-9533","2026-08-03","P103","Golden Cocoa Truffles","132","CUST-1209"
"SO-9534","2025-08-01","P101","Magical Dark Chocolate","98","CUST-1027"
"SO-9535","2022-05-16","P101","Magical Dark Chocolate","108","CUST-1198"
"SO-9536","2024-03-02","P103","Golden Cocoa Truffles","16","CUST-1004"
"SO-9537","2026-02-22","P101","Magical Dark Chocolate","108","CUST-1008"
"SO-9538","2025-02-26","P101","Magical Dark Chocolate","190","CUST-1137"
"SO-9539","2023-09-10","P103","Golden Cocoa Truffles","23","CUST-1224"
"SO-9540","2025-01-07","P103","Golden Cocoa Truffles","95","CUST-1059"
"SO-9541","2026-05-14","P101","Magical Dark Chocolate","72","CUST-1178"
"SO-9542","2024-08-10","P102","Enchanted Milk Chocolate","190","CUST-1187"
"SO-9543","2025-04-28","P102","Enchanted Milk Chocolate","188","CUST-1463"
"SO-9544","2022-11-15","P101","Magical Dark Chocolate","78","CUST-1445"
"SO-9545","2024-09-09","P101","Magical Dark Chocolate","93","CUST-1067"
"SO-9546","2026-09-10","P103","Golden Cocoa Truffles","64","CUST-1091"
"SO-9547","2024-01-30","P101","Magical Dark Chocolate","137","CUST-1090"
"SO-9548","2022-12-09","P102","Enchanted Milk Chocolate","69","CUST-1173"
"SO-9549","2022-01-21","P201","Mystic White Chocolate","177","CUST-1115"
"SO-9550","2022-05-12","P201","Mystic White Chocolate","55","CUST-1424"
"SO-9551","2023-07-29","P102","Enchanted Milk Chocolate","62","CUST-1129"
"SO-9552","2022-02-06","P102","Enchanted Milk Chocolate","121","CUST-1318"
"SO-9553","2022-07-15","P103","Golden Cocoa Truffles","181","CUST-1216"
"SO-9554","2024-08-31","P102","Enchanted Milk Chocolate","19","CUST-1067"
"SO-9555","2025-12-07","P102","Enchanted Milk Chocolate","98","CUST-1042"
"SO-9556","2022-07-02","P103","Golden Cocoa Truffles","153","CUST-1380"
"SO-9557","2023-08-27","P103","Golden Cocoa Truffles","67","CUST-1283"
"SO-9558","2025-07-28","P102","Enchanted Milk Chocolate","177","CUST-1290"
"SO-9559","2025-05-20","P201","Mystic White Chocolate","156","CUST-1268"
"SO-9560","2023-11-21","P103","Golden Cocoa Truffles","132","CUST-1408"
"SO-9561","2023-08-10","P201","Mystic White Chocolate","143","CUST-1264"
"SO-9562","2025-06-10","P102","Enchanted Milk Chocolate","59","CUST-1132"
"SO-9563","2023-12-13","P103","Golden Cocoa Truffles","32","CUST-1106"
"SO-9564","2025-11-15","P102","Enchanted Milk Chocolate","85","CUST-1063"
"SO-9565","2025-09-20","P102","Enchanted Milk Chocolate","88","CUST-1139"
"SO-9566","2023-02-15","P103","Golden Cocoa Truffles","156","CUST-1144"
"SO-9567","2025-08-13","P201","Mystic White Chocolate","191","CUST-1307"
"SO-9568","2022-01-20","P103","Golden Cocoa Truffles","13","CUST-1298"
"SO-9569","2023-04-20","P103","Golden Cocoa Truffles","103","CUST-1197"
"SO-9570","2025-03-14","P103","Golden Cocoa Truffles","87","CUST-1458"
"SO-9571","2022-11-21","P101","Magical Dark Chocolate","167","CUST-1162"
"SO-9572","2025-01-08","P101","Magical Dark Chocolate","45","CUST-1465"
"SO-9573","2025-10-11","P101","Magical Dark Chocolate","17","CUST-1203"
"SO-9574","2026-05-21","P201","Mystic White Chocolate","119","CUST-1029"
"SO-9575","2022-09-22","P201","Mystic White Chocolate","132","CUST-1267"
"SO-9576","2023-09-26","P201","Mystic White Chocolate","34","CUST-1221"
"SO-9577","2022-12-17","P102","Enchanted Milk Chocolate","175","CUST-1293"
"SO-9578","2025-08-09","P102","Enchanted Milk Chocolate","39","CUST-1499"
"SO-9579","2022-08-17","P103","Golden Cocoa Truffles","140","CUST-1445"
"SO-9580","2025-06-07","P201","Mystic White Chocolate","52","CUST-1203"
"SO-9581","2026-06-22","P101","Magical Dark Chocolate","37","CUST-1461"
"SO-9582","2025-11-20","P201","Mystic White Chocolate","76","CUST-1392"
"SO-9583","2022-11-04","P103","Golden Cocoa Truffles","170","CUST-1232"
"SO-9584","2025-06-29","P102","Enchanted Milk Chocolate","161","CUST-1401"
"SO-9585","2024-06-10","P102","Enchanted Milk Chocolate","104","CUST-1109"
"SO-9586","2024-05-05","P103","Golden Cocoa Truffles","99","CUST-1326"
"SO-9587","2022-12-13","P101","Magical Dark Chocolate","13","CUST-1240"
"SO-9588","2023-05-19","P102","Enchanted Milk Chocolate","20","CUST-1433"
"SO-9589","2022-03-19","P101","Magical Dark Chocolate","37","CUST-1469"
"SO-9590","2024-03-09","P102","Enchanted Milk Chocolate","121","CUST-1127"
"SO-9591","2026-07-01","P201","Mystic White Chocolate","80","CUST-1426"
"SO-9592","2025-08-27","P101","Magical Dark Chocolate","55","CUST-1298"
"SO-9593","2025-09-29","P201","Mystic White Chocolate","127","CUST-1333"
"SO-9594","2025-05-28","P102","Enchanted Milk Chocolate","119","CUST-1293"
"SO-9595","2022-12-15","P102","Enchanted Milk Chocolate","130","CUST-1165"
"SO-9596","2026-02-03","P101","Magical Dark Chocolate","93","CUST-1214"
"SO-9597","2023-05-19","P102","Enchanted Milk Chocolate","30","CUST-1049"
"SO-9598","2022-03-29","P102","Enchanted Milk Chocolate","91","CUST-1445"
"SO-9599","2026-06-02","P201","Mystic White Chocolate","46","CUST-1393"
"SO-9600","2025-06-27","P201","Mystic White Chocolate","121","CUST-1080"
"SO-9601","2025-07-04","P101","Magical Dark Chocolate","94","CUST-1314"
"SO-9602","2024-12-10","P102","Enchanted Milk Chocolate","83","CUST-1156"
"SO-9603","2023-01-17","P102","Enchanted Milk Chocolate","46","CUST-1434"
"SO-9604","2024-12-25","P103","Golden Cocoa Truffles","61","CUST-1469"
"SO-9605","2026-02-03","P102","Enchanted Milk Chocolate","156","CUST-1208"
"SO-9606","2024-03-12","P101","Magical Dark Chocolate","41","CUST-1482"
"SO-9607","2022-05-21","P201","Mystic White Chocolate","10","CUST-1153"
"SO-9608","2023-01-02","P102","Enchanted Milk Chocolate","169","CUST-1326"
"SO-9609","2022-04-25","P201","Mystic White Chocolate","162","CUST-1056"
"SO-9610","2023-04-20","P101","Magical Dark Chocolate","166","CUST-1420"
"SO-9611","2022-06-03","P103","Golden Cocoa Truffles","43","CUST-1017"
"SO-9612","2025-06-27","P101","Magical Dark Chocolate","66","CUST-1319"
"SO-9613","2023-11-25","P103","Golden Cocoa Truffles","198","CUST-1169"
"SO-9614","2023-09-23","P103","Golden Cocoa Truffles","25","CUST-1468"
"SO-9615","2022-04-28","P101","Magical Dark Chocolate","139","CUST-1105"
"SO-9616","2024-06-29","P201","Mystic White Chocolate","65","CUST-1417"
"SO-9617","2022-04-08","P103","Golden Cocoa Truffles","89","CUST-1193"
"SO-9618","2024-01-25","P201","Mystic White Chocolate","180","CUST-1355"
"SO-9619","2022-09-11","P101","Magical Dark Chocolate","123","CUST-1188"
"SO-9620","2022-04-05","P201","Mystic White Chocolate","23","CUST-1154"
"SO-9621","2026-06-19","P103","Golden Cocoa Truffles","140","CUST-1350"
"SO-9622","2023-05-07","P201","Mystic White Chocolate","101","CUST-1438"
"SO-9623","2025-05-04","P101","Magical Dark Chocolate","63","CUST-1192"
"SO-9624","2022-04-04","P102","Enchanted Milk Chocolate","113","CUST-1222"
"SO-9625","2023-05-02","P102","Enchanted Milk Chocolate","96","CUST-1329"
"SO-9626","2024-04-05","P201","Mystic White Chocolate","34","CUST-1051"
"SO-9627","2022-01-09","P101","Magical Dark Chocolate","21","CUST-1051"
"SO-9628","2023-04-27","P201","Mystic White Chocolate","76","CUST-1453"
"SO-9629","2023-03-15","P102","Enchanted Milk Chocolate","108","CUST-1091"
"SO-9630","2022-08-07","P102","Enchanted Milk Chocolate","189","CUST-1014"
"SO-9631","2023-02-26","P101","Magical Dark Chocolate","98","CUST-1343"
"SO-9632","2024-07-30","P102","Enchanted Milk Chocolate","88","CUST-1008"
"SO-9633","2022-04-27","P103","Golden Cocoa Truffles","50","CUST-1278"
"SO-9634","2026-05-27","P102","Enchanted Milk Chocolate","63","CUST-1170"
"SO-9635","2024-09-02","P101","Magical Dark Chocolate","186","CUST-1340"
"SO-9636","2023-04-11","P101","Magical Dark Chocolate","62","CUST-1452"
"SO-9637","2024-05-22","P103","Golden Cocoa Truffles","108","CUST-1291"
"SO-9638","2023-01-13","P103","Golden Cocoa Truffles","121","CUST-1384"
"SO-9639","2022-10-28","P201","Mystic White Chocolate","135","CUST-1174"
"SO-9640","2022-04-10","P101","Magical Dark Chocolate","167","CUST-1364"
"SO-9641","2023-05-01","P101","Magical Dark Chocolate","13","CUST-1392"
"SO-9642","2024-07-02","P103","Golden Cocoa Truffles","88","CUST-1328"
"SO-9643","2022-12-17","P201","Mystic White Chocolate","125","CUST-1435"
"SO-9644","2024-03-24","P103","Golden Cocoa Truffles","93","CUST-1117"
"SO-9645","2025-01-06","P102","Enchanted Milk Chocolate","91","CUST-1137"
"SO-9646","2022-12-29","P102","Enchanted Milk Chocolate","83","CUST-1241"
"SO-9647","2023-08-01","P103","Golden Cocoa Truffles","18","CUST-1225"
"SO-9648","2022-06-10","P201","Mystic White Chocolate","10","CUST-1008"
"SO-9649","2022-03-23","P102","Enchanted Milk Chocolate","68","CUST-1426"
"SO-9650","2026-07-28","P201","Mystic White Chocolate","37","CUST-1229"
"SO-9651","2024-04-21","P201","Mystic White Chocolate","179","CUST-1428"
"SO-9652","2025-02-05","P201","Mystic White Chocolate","39","CUST-1167"
"SO-9653","2022-02-11","P101","Magical Dark Chocolate","149","CUST-1392"
"SO-9654","2022-07-07","P101","Magical Dark Chocolate","122","CUST-1499"
"SO-9655","2022-11-23","P101","Magical Dark Chocolate","45","CUST-1315"
"SO-9656","2024-09-09","P103","Golden Cocoa Truffles","147","CUST-1141"
"SO-9657","2026-03-25","P201","Mystic White Chocolate","58","CUST-1066"
"SO-9658","2023-04-10","P103","Golden Cocoa Truffles","169","CUST-1181"
"SO-9659","2026-02-15","P101","Magical Dark Chocolate","176","CUST-1301"
"SO-9660","2022-10-11","P102","Enchanted Milk Chocolate","27","CUST-1152"
"SO-9661","2026-09-16","P102","Enchanted Milk Chocolate","87","CUST-1040"
"SO-9662","2026-09-06","P101","Magical Dark Chocolate","74","CUST-1009"
"SO-9663","2023-05-12","P101","Magical Dark Chocolate","89","CUST-1447"
"SO-9664","2024-02-17","P201","Mystic White Chocolate","140","CUST-1086"
"SO-9665","2024-10-21","P102","Enchanted Milk Chocolate","39","CUST-1483"
"SO-9666","2025-04-04","P102","Enchanted Milk Chocolate","198","CUST-1390"
"SO-9667","2022-02-06","P101","Magical Dark Chocolate","195","CUST-1017"
"SO-9668","2026-04-18","P101","Magical Dark Chocolate","175","CUST-1420"
"SO-9669","2024-03-13","P102","Enchanted Milk Chocolate","136","CUST-1199"
"SO-9670","2024-02-07","P103","Golden Cocoa Truffles","107","CUST-1285"
"SO-9671","2023-03-05","P101","Magical Dark Chocolate","82","CUST-1196"
"SO-9672","2023-07-01","P201","Mystic White Chocolate","21","CUST-1273"
"SO-9673","2023-03-26","P103","Golden Cocoa Truffles","105","CUST-1153"
"SO-9674","2023-02-02","P101","Magical Dark Chocolate","90","CUST-1253"
"SO-9675","2022-11-10","P101","Magical Dark Chocolate","162","CUST-1130"
"SO-9676","2024-06-18","P201","Mystic White Chocolate","56","CUST-1465"
"SO-9677","2023-03-13","P101","Magical Dark Chocolate","139","CUST-1203"
"SO-9678","2026-06-11","P102","Enchanted Milk Chocolate","59","CUST-1086"
"SO-9679","2024-03-04","P102","Enchanted Milk Chocolate","59","CUST-1027"
"SO-9680","2024-09-13","P103","Golden Cocoa Truffles","31","CUST-1255"
"SO-9681","2022-04-22","P103","Golden Cocoa Truffles","98","CUST-1363"
"SO-9682","2025-09-28","P102","Enchanted Milk Chocolate","111","CUST-1046"
"SO-9683","2024-08-14","P201","Mystic White Chocolate","94","CUST-1210"
"SO-9684","2022-11-11","P101","Magical Dark Chocolate","24","CUST-1280"
"SO-9685","2024-11-09","P201","Mystic White Chocolate","115","CUST-1020"
"SO-9686","2026-06-13","P103","Golden Cocoa Truffles","128","CUST-1191"
"SO-9687","2022-07-17","P201","Mystic White Chocolate","72","CUST-1230"
"SO-9688","2025-08-15","P103","Golden Cocoa Truffles","57","CUST-1464"
"SO-9689","2026-09-26","P102","Enchanted Milk Chocolate","71","CUST-1368"
"SO-9690","2025-03-31","P101","Magical Dark Chocolate","113","CUST-1080"
"SO-9691","2024-01-04","P201","Mystic White Chocolate","166","CUST-1035"
"SO-9692","2026-02-09","P103","Golden Cocoa Truffles","181","CUST-1118"
"SO-9693","2026-03-10","P101","Magical Dark Chocolate","115","CUST-1201"
"SO-9694","2025-05-15","P102","Enchanted Milk Chocolate","34","CUST-1154"
"SO-9695","2022-11-22","P103","Golden Cocoa Truffles","155","CUST-1130"
"SO-9696","2025-01-09","P103","Golden Cocoa Truffles","109","CUST-1044"
"SO-9697","2022-11-29","P201","Mystic White Chocolate","184","CUST-1421"
"SO-9698","2026-06-09","P103","Golden Cocoa Truffles","118","CUST-1289"
"SO-9699","2024-10-11","P103","Golden Cocoa Truffles","28","CUST-1226"
"SO-9700","2023-02-05","P101","Magical Dark Chocolate","52","CUST-1402"
"SO-9701","2026-08-13","P101","Magical Dark Chocolate","71","CUST-1225"
"SO-9702","2024-02-17","P201","Mystic White Chocolate","194","CUST-1382"
"SO-9703","2023-05-02","P103","Golden Cocoa Truffles","88","CUST-1249"
"SO-9704","2025-05-18","P103","Golden Cocoa Truffles","140","CUST-1154"
"SO-9705","2022-08-25","P103","Golden Cocoa Truffles","143","CUST-1136"
"SO-9706","2023-01-27","P101","Magical Dark Chocolate","160","CUST-1465"
"SO-9707","2026-04-27","P101","Magical Dark Chocolate","122","CUST-1209"
"SO-9708","2022-08-28","P103","Golden Cocoa Truffles","31","CUST-1186"
"SO-9709","2023-09-29","P102","Enchanted Milk Chocolate","79","CUST-1338"
"SO-9710","2026-02-27","P101","Magical Dark Chocolate","98","CUST-1173"
"SO-9711","2023-09-25","P102","Enchanted Milk Chocolate","138","CUST-1495"
"SO-9712","2026-08-10","P101","Magical Dark Chocolate","66","CUST-1285"
"SO-9713","2024-08-10","P101","Magical Dark Chocolate","169","CUST-1345"
"SO-9714","2022-04-30","P102","Enchanted Milk Chocolate","150","CUST-1172"
"SO-9715","2026-02-05","P102","Enchanted Milk Chocolate","53","CUST-1040"
"SO-9716","2024-01-18","P102","Enchanted Milk Chocolate","137","CUST-1272"
"SO-9717","2025-09-15","P102","Enchanted Milk Chocolate","74","CUST-1157"
"SO-9718","2022-02-17","P102","Enchanted Milk Chocolate","54","CUST-1053"
"SO-9719","2023-04-22","P103","Golden Cocoa Truffles","100","CUST-1313"
"SO-9720","2024-04-22","P102","Enchanted Milk Chocolate","166","CUST-1172"
"SO-9721","2023-06-12","P101","Magical Dark Chocolate","15","CUST-1430"
"SO-9722","2024-11-22","P103","Golden Cocoa Truffles","191","CUST-1136"
"SO-9723","2025-06-26","P101","Magical Dark Chocolate","149","CUST-1397"
"SO-9724","2025-10-29","P101","Magical Dark Chocolate","125","CUST-1292"
"SO-9725","2024-04-29","P201","Mystic White Chocolate","109","CUST-1184"
"SO-9726","2023-03-28","P102","Enchanted Milk Chocolate","188","CUST-1033"
"SO-9727","2022-05-16","P102","Enchanted Milk Chocolate","32","CUST-1408"
"SO-9728","2022-03-07","P103","Golden Cocoa Truffles","53","CUST-1016"
"SO-9729","2023-07-13","P103","Golden Cocoa Truffles","135","CUST-1329"
"SO-9730","2022-12-16","P103","Golden Cocoa Truffles","108","CUST-1193"
"SO-9731","2023-02-06","P201","Mystic White Chocolate","41","CUST-1040"
"SO-9732","2026-05-25","P103","Golden Cocoa Truffles","34","CUST-1032"
"SO-9733","2022-07-24","P101","Magical Dark Chocolate","114","CUST-1394"
"SO-9734","2024-07-03","P103","Golden Cocoa Truffles","105","CUST-1167"
"SO-9735","2025-06-05","P201","Mystic White Chocolate","170","CUST-1088"
"SO-9736","2025-05-12","P101","Magical Dark Chocolate","74","CUST-1230"
"SO-9737","2022-08-23","P101","Magical Dark Chocolate","96","CUST-1469"
"SO-9738","2023-08-05","P201","Mystic White Chocolate","145","CUST-1107"
"SO-9739","2025-12-14","P102","Enchanted Milk Chocolate","108","CUST-1282"
"SO-9740","2022-01-30","P101","Magical Dark Chocolate","162","CUST-1414"
"SO-9741","2024-01-03","P103","Golden Cocoa Truffles","52","CUST-1041"
"SO-9742","2025-10-25","P103","Golden Cocoa Truffles","82","CUST-1449"
"SO-9743","2023-08-29","P101","Magical Dark Chocolate","126","CUST-1495"
"SO-9744","2025-12-15","P102","Enchanted Milk Chocolate","50","CUST-1302"
"SO-9745","2023-06-22","P102","Enchanted Milk Chocolate","45","CUST-1342"
"SO-9746","2026-07-15","P201","Mystic White Chocolate","48","CUST-1128"
"SO-9747","2024-09-16","P101","Magical Dark Chocolate","184","CUST-1193"
"SO-9748","2023-10-03","P102","Enchanted Milk Chocolate","49","CUST-1332"
"SO-9749","2022-11-20","P201","Mystic White Chocolate","108","CUST-1045"
"SO-9750","2023-05-14","P101","Magical Dark Chocolate","116","CUST-1155"
"SO-9751","2025-03-01","P103","Golden Cocoa Truffles","58","CUST-1024"
"SO-9752","2023-03-03","P101","Magical Dark Chocolate","78","CUST-1138"
"SO-9753","2022-07-01","P101","Magical Dark Chocolate","16","CUST-1165"
"SO-9754","2024-08-23","P201","Mystic White Chocolate","160","CUST-1498"
"SO-9755","2025-02-10","P201","Mystic White Chocolate","122","CUST-1470"
"SO-9756","2023-07-21","P201","Mystic White Chocolate","15","CUST-1465"
"SO-9757","2023-01-10","P102","Enchanted Milk Chocolate","58","CUST-1061"
"SO-9758","2023-06-19","P103","Golden Cocoa Truffles","127","CUST-1432"
"SO-9759","2022-08-26","P201","Mystic White Chocolate","60","CUST-1482"
"SO-9760","2026-02-07","P102","Enchanted Milk Chocolate","191","CUST-1283"
"SO-9761","2023-01-18","P103","Golden Cocoa Truffles","195","CUST-1026"
"SO-9762","2026-08-17","P201","Mystic White Chocolate","162","CUST-1015"
"SO-9763","2025-05-26","P201","Mystic White Chocolate","136","CUST-1236"
"SO-9764","2023-05-18","P102","Enchanted Milk Chocolate","67","CUST-1219"
"SO-9765","2024-05-31","P103","Golden Cocoa Truffles","22","CUST-1366"
"SO-9766","2025-02-15","P102","Enchanted Milk Chocolate","64","CUST-1268"
"SO-9767","2024-08-20","P103","Golden Cocoa Truffles","184","CUST-1077"
"SO-9768","2022-06-16","P102","Enchanted Milk Chocolate","145","CUST-1018"
"SO-9769","2022-09-24","P101","Magical Dark Chocolate","194","CUST-1134"
"SO-9770","2023-01-18","P103","Golden Cocoa Truffles","199","CUST-1108"
"SO-9771","2025-02-03","P101","Magical Dark Chocolate","148","CUST-1267"
"SO-9772","2025-09-15","P103","Golden Cocoa Truffles","151","CUST-1500"
"SO-9773","2024-02-11","P103","Golden Cocoa Truffles","139","CUST-1266"
"SO-9774","2022-05-18","P102","Enchanted Milk Chocolate","173","CUST-1312"
"SO-9775","2025-06-13","P101","Magical Dark Chocolate","186","CUST-1338"
"SO-9776","2022-03-11","P101","Magical Dark Chocolate","16","CUST-1308"
"SO-9777","2025-04-05","P201","Mystic White Chocolate","171","CUST-1248"
"SO-9778","2026-01-10","P201","Mystic White Chocolate","125","CUST-1279"
"SO-9779","2023-04-16","P103","Golden Cocoa Truffles","165","CUST-1375"
"SO-9780","2026-08-19","P201","Mystic White Chocolate","20","CUST-1423"
"SO-9781","2022-04-14","P201","Mystic White Chocolate","120","CUST-1302"
"SO-9782","2023-04-04","P101","Magical Dark Chocolate","43","CUST-1097"
"SO-9783","2024-12-11","P102","Enchanted Milk Chocolate","54","CUST-1257"
"SO-9784","2023-08-19","P101","Magical Dark Chocolate","93","CUST-1256"
"SO-9785","2024-01-14","P103","Golden Cocoa Truffles","34","CUST-1048"
"SO-9786","2024-10-29","P102","Enchanted Milk Chocolate","60","CUST-1423"
"SO-9787","2025-06-15","P103","Golden Cocoa Truffles","133","CUST-1178"
"SO-9788","2023-04-09","P102","Enchanted Milk Chocolate","109","CUST-1143"
"SO-9789","2025-03-31","P101","Magical Dark Chocolate","189","CUST-1063"
"SO-9790","2026-08-26","P102","Enchanted Milk Chocolate","114","CUST-1116"
"SO-9791","2026-02-04","P102","Enchanted Milk Chocolate","141","CUST-1501"
"SO-9792","2024-06-16","P101","Magical Dark Chocolate","88","CUST-1459"
"SO-9793","2024-11-12","P201","Mystic White Chocolate","24","CUST-1323"
"SO-9794","2022-03-04","P101","Magical Dark Chocolate","182","CUST-1293"
"SO-9795","2025-08-01","P102","Enchanted Milk Chocolate","125","CUST-1349"
"SO-9796","2024-02-05","P201","Mystic White Chocolate","96","CUST-1260"
"SO-9797","2023-02-09","P101","Magical Dark Chocolate","158","CUST-1007"
"SO-9798","2022-09-11","P103","Golden Cocoa Truffles","114","CUST-1014"
"SO-9799","2023-10-19","P103","Golden Cocoa Truffles","198","CUST-1134"
"SO-9800","2022-06-30","P101","Magical Dark Chocolate","103","CUST-1051"
"SO-9801","2024-08-02","P101","Magical Dark Chocolate","14","CUST-1179"
"SO-9802","2022-04-21","P103","Golden Cocoa Truffles","196","CUST-1160"
"SO-9803","2025-06-24","P102","Enchanted Milk Chocolate","165","CUST-1406"
"SO-9804","2025-05-24","P201","Mystic White Chocolate","28","CUST-1347"
"SO-9805","2024-03-27","P102","Enchanted Milk Chocolate","78","CUST-1458"
"SO-9806","2024-02-02","P103","Golden Cocoa Truffles","25","CUST-1369"
"SO-9807","2023-05-21","P101","Magical Dark Chocolate","101","CUST-1475"
"SO-9808","2022-02-02","P101","Magical Dark Chocolate","105","CUST-1374"
"SO-9809","2026-05-18","P201","Mystic White Chocolate","132","CUST-1461"
"SO-9810","2022-04-11","P101","Magical Dark Chocolate","36","CUST-1157"
"SO-9811","2026-07-08","P101","Magical Dark Chocolate","181","CUST-1181"
"SO-9812","2026-05-02","P102","Enchanted Milk Chocolate","189","CUST-1157"
"SO-9813","2026-02-24","P201","Mystic White Chocolate","16","CUST-1420"
"SO-9814","2025-10-09","P201","Mystic White Chocolate","141","CUST-1271"
"SO-9815","2026-03-13","P101","Magical Dark Chocolate","28","CUST-1031"
"SO-9816","2026-04-19","P103","Golden Cocoa Truffles","165","CUST-1281"
"SO-9817","2025-12-03","P101","Magical Dark Chocolate","74","CUST-1151"
"SO-9818","2026-06-12","P101","Magical Dark Chocolate","42","CUST-1148"
"SO-9819","2024-12-13","P101","Magical Dark Chocolate","135","CUST-1391"
"SO-9820","2023-07-26","P101","Magical Dark Chocolate","145","CUST-1050"
"SO-9821","2025-04-18","P201","Mystic White Chocolate","114","CUST-1395"
"SO-9822","2026-06-17","P201","Mystic White Chocolate","150","CUST-1152"
"SO-9823","2023-01-26","P201","Mystic White Chocolate","117","CUST-1259"
"SO-9824","2022-09-03","P101","Magical Dark Chocolate","187","CUST-1086"
"SO-9825","2026-01-29","P201","Mystic White Chocolate","45","CUST-1391"
"SO-9826","2023-02-01","P101","Magical Dark Chocolate","182","CUST-1441"
"SO-9827","2023-11-12","P102","Enchanted Milk Chocolate","128","CUST-1302"
"SO-9828","2022-06-23","P103","Golden Cocoa Truffles","129","CUST-1327"
"SO-9829","2022-05-23","P201","Mystic White Chocolate","28","CUST-1144"
"SO-9830","2025-05-23","P101","Magical Dark Chocolate","20","CUST-1183"
"SO-9831","2023-05-04","P201","Mystic White Chocolate","21","CUST-1453"
"SO-9832","2022-09-20","P102","Enchanted Milk Chocolate","124","CUST-1112"
"SO-9833","2022-01-17","P201","Mystic White Chocolate","127","CUST-1271"
"SO-9834","2023-03-02","P103","Golden Cocoa Truffles","192","CUST-1467"
"SO-9835","2023-10-20","P102","Enchanted Milk Chocolate","141","CUST-1150"
"SO-9836","2022-03-04","P103","Golden Cocoa Truffles","171","CUST-1368"
"SO-9837","2022-08-15","P201","Mystic White Chocolate","29","CUST-1204"
"SO-9838","2022-06-17","P201","Mystic White Chocolate","147","CUST-1221"
"SO-9839","2023-10-03","P102","Enchanted Milk Chocolate","191","CUST-1458"
"SO-9840","2025-12-08","P103","Golden Cocoa Truffles","48","CUST-1480"
"SO-9841","2024-04-14","P201","Mystic White Chocolate","138","CUST-1276"
"SO-9842","2026-01-03","P101","Magical Dark Chocolate","104","CUST-1075"
"SO-9843","2022-11-28","P103","Golden Cocoa Truffles","68","CUST-1099"
"SO-9844","2024-10-27","P101","Magical Dark Chocolate","54","CUST-1332"
"SO-9845","2025-10-15","P101","Magical Dark Chocolate","58","CUST-1474"
"SO-9846","2023-02-19","P103","Golden Cocoa Truffles","73","CUST-1258"
"SO-9847","2022-08-22","P102","Enchanted Milk Chocolate","26","CUST-1098"
"SO-9848","2023-04-18","P103","Golden Cocoa Truffles","52","CUST-1283"
"SO-9849","2024-12-26","P101","Magical Dark Chocolate","24","CUST-1116"
"SO-9850","2026-08-28","P201","Mystic White Chocolate","10","CUST-1249"
"SO-9851","2025-06-22","P103","Golden Cocoa Truffles","53","CUST-1288"
"SO-9852","2026-06-13","P201","Mystic White Chocolate","119","CUST-1401"
"SO-9853","2024-09-21","P101","Magical Dark Chocolate","190","CUST-1089"
"SO-9854","2022-01-07","P102","Enchanted Milk Chocolate","110","CUST-1312"
"SO-9855","2023-05-08","P102","Enchanted Milk Chocolate","112","CUST-1273"
"SO-9856","2025-12-03","P103","Golden Cocoa Truffles","193","CUST-1066"
"SO-9857","2025-12-20","P103","Golden Cocoa Truffles","60","CUST-1122"
"SO-9858","2026-03-06","P103","Golden Cocoa Truffles","162","CUST-1038"
"SO-9859","2023-02-07","P101","Magical Dark Chocolate","159","CUST-1286"
"SO-9860","2025-12-31","P101","Magical Dark Chocolate","197","CUST-1222"
"SO-9861","2023-09-04","P103","Golden Cocoa Truffles","156","CUST-1491"
"SO-9862","2024-07-08","P103","Golden Cocoa Truffles","147","CUST-1369"
"SO-9863","2025-02-15","P103","Golden Cocoa Truffles","93","CUST-1340"
"SO-9864","2023-12-24","P201","Mystic White Chocolate","77","CUST-1153"
"SO-9865","2023-04-20","P201","Mystic White Chocolate","112","CUST-1031"
"SO-9866","2024-09-12","P102","Enchanted Milk Chocolate","160","CUST-1275"
"SO-9867","2023-04-27","P201","Mystic White Chocolate","122","CUST-1399"
"SO-9868","2025-04-07","P102","Enchanted Milk Chocolate","114","CUST-1436"
"SO-9869","2022-04-30","P102","Enchanted Milk Chocolate","62","CUST-1157"
"SO-9870","2022-10-09","P102","Enchanted Milk Chocolate","22","CUST-1284"
"SO-9871","2026-04-27","P201","Mystic White Chocolate","162","CUST-1207"
"SO-9872","2022-07-24","P103","Golden Cocoa Truffles","65","CUST-1114"
"SO-9873","2022-10-18","P102","Enchanted Milk Chocolate","181","CUST-1162"
"SO-9874","2023-02-24","P201","Mystic White Chocolate","17","CUST-1163"
"SO-9875","2024-06-11","P101","Magical Dark Chocolate","82","CUST-1445"
"SO-9876","2023-04-25","P201","Mystic White Chocolate","15","CUST-1226"
"SO-9877","2025-08-13","P103","Golden Cocoa Truffles","158","CUST-1385"
"SO-9878","2026-07-29","P101","Magical Dark Chocolate","36","CUST-1144"
"SO-9879","2026-01-11","P103","Golden Cocoa Truffles","175","CUST-1432"
"SO-9880","2023-03-16","P101","Magical Dark Chocolate","57","CUST-1164"
"SO-9881","2024-07-01","P101","Magical Dark Chocolate","191","CUST-1454"
"SO-9882","2025-04-18","P101","Magical Dark Chocolate","103","CUST-1064"
"SO-9883","2024-12-16","P102","Enchanted Milk Chocolate","82","CUST-1200"
"SO-9884","2026-09-23","P101","Magical Dark Chocolate","41","CUST-1079"
"SO-9885","2024-01-09","P101","Magical Dark Chocolate","166","CUST-1024"
"SO-9886","2023-10-05","P201","Mystic White Chocolate","46","CUST-1137"
"SO-9887","2022-12-05","P103","Golden Cocoa Truffles","44","CUST-1125"
"SO-9888","2022-04-23","P103","Golden Cocoa Truffles","120","CUST-1382"
"SO-9889","2025-06-04","P103","Golden Cocoa Truffles","66","CUST-1255"
"SO-9890","2022-02-21","P101","Magical Dark Chocolate","130","CUST-1101"
"SO-9891","2025-09-17","P101","Magical Dark Chocolate","167","CUST-1208"
"SO-9892","2026-03-13","P102","Enchanted Milk Chocolate","49","CUST-1257"
"SO-9893","2022-12-20","P103","Golden Cocoa Truffles","133","CUST-1287"
"SO-9894","2024-01-30","P102","Enchanted Milk Chocolate","23","CUST-1089"
"SO-9895","2024-02-06","P102","Enchanted Milk Chocolate","98","CUST-1066"
"SO-9896","2023-07-27","P101","Magical Dark Chocolate","35","CUST-1105"
"SO-9897","2025-03-07","P103","Golden Cocoa Truffles","157","CUST-1105"
"SO-9898","2025-01-31","P102","Enchanted Milk Chocolate","28","CUST-1235"
"SO-9899","2025-12-27","P102","Enchanted Milk Chocolate","105","CUST-1463"
"SO-9900","2024-03-04","P101","Magical Dark Chocolate","117","CUST-1103"
"SO-9901","2025-10-13","P101","Magical Dark Chocolate","71","CUST-1169"
"SO-9902","2023-03-24","P103","Golden Cocoa Truffles","149","CUST-1253"
"SO-9903","2024-05-18","P201","Mystic White Chocolate","179","CUST-1386"
"SO-9904","2024-03-03","P201","Mystic White Chocolate","65","CUST-1060"
"SO-9905","2025-10-21","P103","Golden Cocoa Truffles","155","CUST-1295"
"SO-9906","2026-04-19","P201","Mystic White Chocolate","161","CUST-1287"
"SO-9907","2022-03-02","P201","Mystic White Chocolate","155","CUST-1362"
"SO-9908","2023-02-24","P103","Golden Cocoa Truffles","134","CUST-1495"
"SO-9909","2025-07-09","P102","Enchanted Milk Chocolate","109","CUST-1041"
"SO-9910","2024-04-20","P103","Golden Cocoa Truffles","15","CUST-1049"
"SO-9911","2023-07-20","P103","Golden Cocoa Truffles","182","CUST-1043"
"SO-9912","2025-10-06","P101","Magical Dark Chocolate","147","CUST-1481"
"SO-9913","2024-05-31","P201","Mystic White Chocolate","130","CUST-1162"
"SO-9914","2025-02-23","P102","Enchanted Milk Chocolate","88","CUST-1428"
"SO-9915","2026-02-02","P102","Enchanted Milk Chocolate","134","CUST-1280"
"SO-9916","2025-08-09","P102","Enchanted Milk Chocolate","45","CUST-1351"
"SO-9917","2023-03-17","P201","Mystic White Chocolate","23","CUST-1474"
"SO-9918","2023-11-14","P101","Magical Dark Chocolate","103","CUST-1267"
"SO-9919","2023-06-11","P102","Enchanted Milk Chocolate","169","CUST-1181"
"SO-9920","2022-08-26","P103","Golden Cocoa Truffles","152","CUST-1296"
"SO-9921","2026-04-06","P101","Magical Dark Chocolate","82","CUST-1288"
"SO-9922","2023-04-28","P201","Mystic White Chocolate","111","CUST-1446"
"SO-9923","2024-08-01","P101","Magical Dark Chocolate","80","CUST-1103"
"SO-9924","2026-05-02","P201","Mystic White Chocolate","43","CUST-1309"
"SO-9925","2022-12-18","P103","Golden Cocoa Truffles","97","CUST-1093"
"SO-9926","2024-01-21","P201","Mystic White Chocolate","50","CUST-1475"
"SO-9927","2026-07-31","P102","Enchanted Milk Chocolate","21","CUST-1096"
"SO-9928","2026-07-20","P102","Enchanted Milk Chocolate","88","CUST-1440"
"SO-9929","2023-05-12","P101","Magical Dark Chocolate","14","CUST-1208"
"SO-9930","2023-07-18","P103","Golden Cocoa Truffles","147","CUST-1044"
"SO-9931","2022-11-03","P101","Magical Dark Chocolate","126","CUST-1291"
"SO-9932","2026-01-11","P103","Golden Cocoa Truffles","70","CUST-1208"
"SO-9933","2025-04-20","P201","Mystic White Chocolate","13","CUST-1060"
"SO-9934","2026-07-13","P102","Enchanted Milk Chocolate","24","CUST-1056"
"SO-9935","2023-09-27","P201","Mystic White Chocolate","101","CUST-1234"
"SO-9936","2025-03-23","P103","Golden Cocoa Truffles","12","CUST-1053"
"SO-9937","2024-07-11","P201","Mystic White Chocolate","18","CUST-1274"
"SO-9938","2024-12-31","P101","Magical Dark Chocolate","39","CUST-1265"
"SO-9939","2024-03-03","P101","Magical Dark Chocolate","11","CUST-1100"
"SO-9940","2026-05-29","P201","Mystic White Chocolate","175","CUST-1478"
"SO-9941","2026-01-04","P201","Mystic White Chocolate","121","CUST-1128"
"SO-9942","2025-09-06","P102","Enchanted Milk Chocolate","114","CUST-1079"
"SO-9943","2025-03-08","P201","Mystic White Chocolate","127","CUST-1121"
"SO-9944","2025-05-26","P102","Enchanted Milk Chocolate","101","CUST-1214"
"SO-9945","2025-06-26","P103","Golden Cocoa Truffles","115","CUST-1306"
"SO-9946","2023-12-05","P201","Mystic White Chocolate","91","CUST-1361"
"SO-9947","2022-09-10","P103","Golden Cocoa Truffles","66","CUST-1190"
"SO-9948","2023-05-06","P201","Mystic White Chocolate","193","CUST-1232"
"SO-9949","2026-09-06","P103","Golden Cocoa Truffles","143","CUST-1240"
"SO-9950","2022-10-24","P103","Golden Cocoa Truffles","71","CUST-1497"
"SO-9951","2026-04-04","P201","Mystic White Chocolate","53","CUST-1486"
"SO-9952","2022-02-26","P103","Golden Cocoa Truffles","119","CUST-1197"
"SO-9953","2022-03-02","P201","Mystic White Chocolate","196","CUST-1355"
"SO-9954","2025-07-25","P201","Mystic White Chocolate","15","CUST-1158"
"SO-9955","2025-04-01","P102","Enchanted Milk Chocolate","39","CUST-1457"
"SO-9956","2022-02-07","P103","Golden Cocoa Truffles","192","CUST-1362"
"SO-9957","2024-05-02","P102","Enchanted Milk Chocolate","45","CUST-1337"
"SO-9958","2024-04-21","P102","Enchanted Milk Chocolate","181","CUST-1012"
"SO-9959","2024-09-14","P101","Magical Dark Chocolate","69","CUST-1425"
"SO-9960","2022-05-21","P103","Golden Cocoa Truffles","170","CUST-1403"
"SO-9961","2022-10-09","P102","Enchanted Milk Chocolate","144","CUST-1314"
"SO-9962","2023-06-12","P102","Enchanted Milk Chocolate","27","CUST-1257"
"SO-9963","2024-08-28","P101","Magical Dark Chocolate","142","CUST-1121"
"SO-9964","2026-09-19","P102","Enchanted Milk Chocolate","130","CUST-1443"
"SO-9965","2025-02-01","P103","Golden Cocoa Truffles","187","CUST-1334"
"SO-9966","2024-09-26","P102","Enchanted Milk Chocolate","81","CUST-1345"
"SO-9967","2025-04-03","P101","Magical Dark Chocolate","16","CUST-1304"
"SO-9968","2023-08-18","P102","Enchanted Milk Chocolate","74","CUST-1050"
"SO-9969","2025-07-23","P101","Magical Dark Chocolate","68","CUST-1461"
"SO-9970","2026-03-07","P101","Magical Dark Chocolate","102","CUST-1106"
"SO-9971","2022-01-14","P103","Golden Cocoa Truffles","108","CUST-1090"
"SO-9972","2024-06-12","P103","Golden Cocoa Truffles","184","CUST-1011"
"SO-9973","2022-03-01","P103","Golden Cocoa Truffles","44","CUST-1219"
"SO-9974","2023-03-05","P102","Enchanted Milk Chocolate","76","CUST-1485"
"SO-9975","2022-04-30","P102","Enchanted Milk Chocolate","125","CUST-1330"
"SO-9976","2023-05-22","P201","Mystic White Chocolate","130","CUST-1159"
"SO-9977","2024-09-09","P102","Enchanted Milk Chocolate","171","CUST-1222"
"SO-9978","2022-10-24","P201","Mystic White Chocolate","118","CUST-1457"
"SO-9979","2023-01-27","P102","Enchanted Milk Chocolate","41","CUST-1001"
"SO-9980","2023-06-28","P201","Mystic White Chocolate","189","CUST-1236"
"SO-9981","2025-05-13","P102","Enchanted Milk Chocolate","92","CUST-1106"
"SO-9982","2022-02-05","P103","Golden Cocoa Truffles","142","CUST-1173"
"SO-9983","2025-05-01","P103","Golden Cocoa Truffles","25","CUST-1183"
"SO-9984","2025-06-05","P103","Golden Cocoa Truffles","158","CUST-1031"
"SO-9985","2025-12-03","P101","Magical Dark Chocolate","20","CUST-1066"
"SO-9986","2022-09-22","P103","Golden Cocoa Truffles","78","CUST-1419"
"SO-9987","2022-10-16","P102","Enchanted Milk Chocolate","143","CUST-1308"
"SO-9988","2024-09-13","P102","Enchanted Milk Chocolate","142","CUST-1131"
"SO-9989","2025-02-02","P101","Magical Dark Chocolate","132","CUST-1386"
"SO-9990","2026-02-21","P102","Enchanted Milk Chocolate","54","CUST-1078"
"SO-9991","2024-04-12","P201","Mystic White Chocolate","128","CUST-1417"
"SO-9992","2026-02-28","P102","Enchanted Milk Chocolate","47","CUST-1323"
"SO-9993","2024-10-09","P101","Magical Dark Chocolate","69","CUST-1376"
"SO-9994","2022-06-25","P103","Golden Cocoa Truffles","197","CUST-1270"
"SO-9995","2023-10-30","P201","Mystic White Chocolate","162","CUST-1268"
"SO-9996","2023-08-30","P103","Golden Cocoa Truffles","59","CUST-1051"
"SO-9997","2025-05-06","P201","Mystic White Chocolate","199","CUST-1101"
"SO-9998","2022-10-30","P101","Magical Dark Chocolate","135","CUST-1094"
"SO-9999","2026-09-11","P102","Enchanted Milk Chocolate","187","CUST-1391"
"SO-10000","2022-04-09","P103","Golden Cocoa Truffles","71","CUST-1274"
"SO-10001","2023-01-16","P102","Enchanted Milk Chocolate","79","CUST-1227"
"SO-10002","2024-07-19","P201","Mystic White Chocolate","182","CUST-1256"
"SO-10003","2025-11-25","P102","Enchanted Milk Chocolate","137","CUST-1446"
"SO-10004","2023-12-06","P102","Enchanted Milk Chocolate","64","CUST-1040"
"SO-10005","2024-10-13","P101","Magical Dark Chocolate","187","CUST-1087"
"SO-10006","2023-06-07","P201","Mystic White Chocolate","87","CUST-1137"
"SO-10007","2026-07-01","P102","Enchanted Milk Chocolate","32","CUST-1152"
"SO-10008","2024-11-24","P101","Magical Dark Chocolate","114","CUST-1081"
"SO-10009","2022-11-29","P101","Magical Dark Chocolate","118","CUST-1104"
"SO-10010","2023-06-01","P101","Magical Dark Chocolate","114","CUST-1275"
"SO-10011","2024-01-19","P103","Golden Cocoa Truffles","184","CUST-1486"
"SO-10012","2022-02-08","P102","Enchanted Milk Chocolate","149","CUST-1132"
"SO-10013","2023-01-07","P101","Magical Dark Chocolate","37","CUST-1302"
"SO-10014","2023-02-16","P101","Magical Dark Chocolate","75","CUST-1026"
"SO-10015","2025-07-07","P102","Enchanted Milk Chocolate","33","CUST-1449"
"SO-10016","2026-08-21","P103","Golden Cocoa Truffles","117","CUST-1029"
"SO-10017","2024-06-12","P201","Mystic White Chocolate","157","CUST-1343"
"SO-10018","2022-02-17","P101","Magical Dark Chocolate","152","CUST-1052"
"SO-10019","2022-12-29","P101","Magical Dark Chocolate","141","CUST-1148"
"SO-10020","2022-03-17","P201","Mystic White Chocolate","116","CUST-1372"
"SO-10021","2026-07-21","P103","Golden Cocoa Truffles","164","CUST-1244"
"SO-10022","2026-02-12","P101","Magical Dark Chocolate","182","CUST-1321"
"SO-10023","2025-11-23","P201","Mystic White Chocolate","163","CUST-1390"
"SO-10024","2026-01-27","P103","Golden Cocoa Truffles","145","CUST-1067"
"SO-10025","2025-08-15","P201","Mystic White Chocolate","56","CUST-1307"
"SO-10026","2026-02-20","P103","Golden Cocoa Truffles","27","CUST-1232"
"SO-10027","2023-02-25","P103","Golden Cocoa Truffles","85","CUST-1494"
"SO-10028","2022-06-01","P102","Enchanted Milk Chocolate","104","CUST-1252"
"SO-10029","2023-03-01","P101","Magical Dark Chocolate","38","CUST-1382"
"SO-10030","2025-07-14","P102","Enchanted Milk Chocolate","126","CUST-1438"
"SO-10031","2022-10-03","P102","Enchanted Milk Chocolate","77","CUST-1450"
"SO-10032","2023-03-11","P201","Mystic White Chocolate","124","CUST-1267"
"SO-10033","2025-12-10","P201","Mystic White Chocolate","43","CUST-1106"
"SO-10034","2022-04-15","P101","Magical Dark Chocolate","188","CUST-1166"
"SO-10035","2023-08-31","P201","Mystic White Chocolate","182","CUST-1368"
"SO-10036","2025-07-02","P102","Enchanted Milk Chocolate","180","CUST-1296"
"SO-10037","2023-06-23","P102","Enchanted Milk Chocolate","14","CUST-1030"
"SO-10038","2025-11-01","P103","Golden Cocoa Truffles","47","CUST-1311"
"SO-10039","2023-03-03","P201","Mystic White Chocolate","31","CUST-1363"
"SO-10040","2023-04-26","P101","Magical Dark Chocolate","22","CUST-1446"
"SO-10041","2026-02-04","P201","Mystic White Chocolate","199","CUST-1189"
"SO-10042","2022-06-27","P201","Mystic White Chocolate","83","CUST-1478"
"SO-10043","2024-04-27","P201","Mystic White Chocolate","42","CUST-1371"
"SO-10044","2023-06-21","P102","Enchanted Milk Chocolate","99","CUST-1409"
"SO-10045","2026-08-30","P102","Enchanted Milk Chocolate","190","CUST-1093"
"SO-10046","2025-12-21","P102","Enchanted Milk Chocolate","124","CUST-1302"
"SO-10047","2025-08-07","P103","Golden Cocoa Truffles","22","CUST-1449"
"SO-10048","2026-04-12","P103","Golden Cocoa Truffles","11","CUST-1014"
"SO-10049","2024-05-26","P101","Magical Dark Chocolate","160","CUST-1192"
"SO-10050","2026-03-04","P201","Mystic White Chocolate","41","CUST-1087"
"SO-10051","2022-06-18","P201","Mystic White Chocolate","58","CUST-1217"
"SO-10052","2023-06-05","P103","Golden Cocoa Truffles","13","CUST-1426"
"SO-10053","2024-06-24","P101","Magical Dark Chocolate","54","CUST-1361"
"SO-10054","2025-09-11","P103","Golden Cocoa Truffles","13","CUST-1454"
"SO-10055","2022-09-04","P101","Magical Dark Chocolate","187","CUST-1415"
"SO-10056","2022-05-28","P102","Enchanted Milk Chocolate","151","CUST-1245"
"SO-10057","2022-06-25","P103","Golden Cocoa Truffles","106","CUST-1300"
"SO-10058","2024-05-11","P103","Golden Cocoa Truffles","26","CUST-1193"
"SO-10059","2022-09-06","P101","Magical Dark Chocolate","37","CUST-1109"
"SO-10060","2022-06-14","P201","Mystic White Chocolate","23","CUST-1043"
"SO-10061","2024-03-07","P201","Mystic White Chocolate","105","CUST-1086"
"SO-10062","2025-09-16","P101","Magical Dark Chocolate","32","CUST-1281"
"SO-10063","2026-07-24","P102","Enchanted Milk Chocolate","111","CUST-1430"
"SO-10064","2023-09-28","P201","Mystic White Chocolate","24","CUST-1465"
"SO-10065","2024-08-20","P201","Mystic White Chocolate","142","CUST-1308"
"SO-10066","2023-09-14","P201","Mystic White Chocolate","23","CUST-1489"
"SO-10067","2026-06-15","P102","Enchanted Milk Chocolate","67","CUST-1300"
"SO-10068","2026-05-29","P201","Mystic White Chocolate","65","CUST-1374"
"SO-10069","2023-12-17","P103","Golden Cocoa Truffles","58","CUST-1391"
"SO-10070","2025-05-23","P101","Magical Dark Chocolate","56","CUST-1460"
"SO-10071","2023-12-21","P101","Magical Dark Chocolate","162","CUST-1050"
"SO-10072","2022-02-16","P101","Magical Dark Chocolate","26","CUST-1182"
"SO-10073","2024-12-01","P201","Mystic White Chocolate","51","CUST-1031"
"SO-10074","2025-01-07","P201","Mystic White Chocolate","61","CUST-1149"
"SO-10075","2024-04-01","P101","Magical Dark Chocolate","191","CUST-1466"
"SO-10076","2025-10-30","P201","Mystic White Chocolate","160","CUST-1433"
"SO-10077","2022-09-25","P103","Golden Cocoa Truffles","31","CUST-1050"
"SO-10078","2023-10-29","P102","Enchanted Milk Chocolate","143","CUST-1006"
"SO-10079","2022-09-29","P101","Magical Dark Chocolate","69","CUST-1474"
"SO-10080","2022-03-26","P201","Mystic White Chocolate","29","CUST-1485"
"SO-10081","2023-01-07","P201","Mystic White Chocolate","116","CUST-1484"
"SO-10082","2022-04-10","P101","Magical Dark Chocolate","170","CUST-1336"
"SO-10083","2023-12-05","P201","Mystic White Chocolate","86","CUST-1354"
"SO-10084","2023-05-07","P101","Magical Dark Chocolate","155","CUST-1139"
"SO-10085","2022-05-04","P201","Mystic White Chocolate","125","CUST-1473"
"SO-10086","2024-08-26","P201","Mystic White Chocolate","24","CUST-1162"
"SO-10087","2026-07-27","P101","Magical Dark Chocolate","111","CUST-1272"
"SO-10088","2024-02-25","P201","Mystic White Chocolate","140","CUST-1211"
"SO-10089","2022-03-02","P101","Magical Dark Chocolate","144","CUST-1483"
"SO-10090","2024-01-24","P101","Magical Dark Chocolate","140","CUST-1214"
"SO-10091","2024-08-16","P201","Mystic White Chocolate","72","CUST-1206"
"SO-10092","2026-09-07","P201","Mystic White Chocolate","49","CUST-1043"
"SO-10093","2025-09-18","P102","Enchanted Milk Chocolate","32","CUST-1442"
"SO-10094","2024-09-14","P101","Magical Dark Chocolate","190","CUST-1149"
"SO-10095","2022-02-05","P103","Golden Cocoa Truffles","79","CUST-1381"
"SO-10096","2026-09-20","P102","Enchanted Milk Chocolate","61","CUST-1471"
"SO-10097","2024-10-05","P103","Golden Cocoa Truffles","92","CUST-1273"
"SO-10098","2025-07-17","P102","Enchanted Milk Chocolate","101","CUST-1074"
"SO-10099","2025-12-14","P201","Mystic White Chocolate","89","CUST-1399"
"SO-10100","2025-01-17","P102","Enchanted Milk Chocolate","193","CUST-1487"
"SO-10101","2023-10-18","P201","Mystic White Chocolate","165","CUST-1433"
"SO-10102","2023-01-24","P103","Golden Cocoa Truffles","71","CUST-1158"
"SO-10103","2024-04-23","P103","Golden Cocoa Truffles","31","CUST-1199"
"SO-10104","2025-08-17","P102","Enchanted Milk Chocolate","25","CUST-1438"
"SO-10105","2022-12-16","P201","Mystic White Chocolate","156","CUST-1400"
"SO-10106","2023-04-03","P102","Enchanted Milk Chocolate","105","CUST-1317"
"SO-10107","2024-01-20","P201","Mystic White Chocolate","157","CUST-1321"
"SO-10108","2024-07-04","P103","Golden Cocoa Truffles","162","CUST-1332"
"SO-10109","2023-12-02","P101","Magical Dark Chocolate","33","CUST-1210"
"SO-10110","2026-05-12","P103","Golden Cocoa Truffles","70","CUST-1338"
"SO-10111","2022-03-31","P101","Magical Dark Chocolate","160","CUST-1323"
"SO-10112","2022-05-20","P101","Magical Dark Chocolate","107","CUST-1293"
"SO-10113","2026-07-29","P102","Enchanted Milk Chocolate","48","CUST-1432"
"SO-10114","2025-12-07","P103","Golden Cocoa Truffles","35","CUST-1282"
"SO-10115","2022-06-18","P102","Enchanted Milk Chocolate","113","CUST-1199"
"SO-10116","2025-06-12","P103","Golden Cocoa Truffles","130","CUST-1087"
"SO-10117","2022-06-23","P102","Enchanted Milk Chocolate","134","CUST-1412"
"SO-10118","2025-08-31","P201","Mystic White Chocolate","120","CUST-1458"
"SO-10119","2022-11-28","P201","Mystic White Chocolate","146","CUST-1495"
"SO-10120","2023-01-31","P101","Magical Dark Chocolate","105","CUST-1001"
"SO-10121","2025-09-19","P101","Magical Dark Chocolate","109","CUST-1395"
"SO-10122","2024-06-12","P103","Golden Cocoa Truffles","125","CUST-1378"
"SO-10123","2024-02-24","P201","Mystic White Chocolate","117","CUST-1297"
"SO-10124","2026-07-28","P201","Mystic White Chocolate","175","CUST-1098"
"SO-10125","2023-10-03","P102","Enchanted Milk Chocolate","110","CUST-1242"
"SO-10126","2024-12-01","P102","Enchanted Milk Chocolate","171","CUST-1367"
"SO-10127","2023-08-25","P102","Enchanted Milk Chocolate","56","CUST-1079"
"SO-10128","2025-04-16","P101","Magical Dark Chocolate","69","CUST-1277"
"SO-10129","2022-10-26","P102","Enchanted Milk Chocolate","194","CUST-1328"
"SO-10130","2025-05-29","P201","Mystic White Chocolate","195","CUST-1104"
"SO-10131","2022-02-23","P201","Mystic White Chocolate","133","CUST-1162"
"SO-10132","2022-07-18","P201","Mystic White Chocolate","143","CUST-1179"
"SO-10133","2025-08-04","P101","Magical Dark Chocolate","167","CUST-1236"
"SO-10134","2022-09-06","P101","Magical Dark Chocolate","157","CUST-1123"
"SO-10135","2022-12-28","P103","Golden Cocoa Truffles","44","CUST-1196"
"SO-10136","2026-06-16","P201","Mystic White Chocolate","127","CUST-1473"
"SO-10137","2022-01-01","P103","Golden Cocoa Truffles","32","CUST-1167"
"SO-10138","2025-08-22","P103","Golden Cocoa Truffles","131","CUST-1189"
"SO-10139","2023-06-15","P102","Enchanted Milk Chocolate","102","CUST-1428"
"SO-10140","2022-12-19","P103","Golden Cocoa Truffles","109","CUST-1332"
"SO-10141","2024-07-09","P102","Enchanted Milk Chocolate","197","CUST-1431"
"SO-10142","2023-07-14","P201","Mystic White Chocolate","186","CUST-1468"
"SO-10143","2024-06-05","P102","Enchanted Milk Chocolate","47","CUST-1455"
"SO-10144","2025-01-09","P102","Enchanted Milk Chocolate","38","CUST-1484"
"SO-10145","2024-12-17","P102","Enchanted Milk Chocolate","16","CUST-1487"
"SO-10146","2026-05-11","P201","Mystic White Chocolate","34","CUST-1224"
"SO-10147","2026-01-22","P101","Magical Dark Chocolate","23","CUST-1442"
"SO-10148","2025-01-11","P101","Magical Dark Chocolate","139","CUST-1311"
"SO-10149","2024-09-07","P103","Golden Cocoa Truffles","186","CUST-1405"
"SO-10150","2026-07-18","P103","Golden Cocoa Truffles","42","CUST-1144"
"SO-10151","2026-05-03","P101","Magical Dark Chocolate","168","CUST-1186"
"SO-10152","2025-06-05","P103","Golden Cocoa Truffles","169","CUST-1262"
"SO-10153","2022-03-11","P201","Mystic White Chocolate","68","CUST-1271"
"SO-10154","2026-04-19","P102","Enchanted Milk Chocolate","35","CUST-1398"
"SO-10155","2025-10-09","P103","Golden Cocoa Truffles","134","CUST-1242"
"SO-10156","2022-06-25","P103","Golden Cocoa Truffles","57","CUST-1441"
"SO-10157","2026-04-21","P103","Golden Cocoa Truffles","200","CUST-1384"
"SO-10158","2023-12-14","P201","Mystic White Chocolate","13","CUST-1418"
"SO-10159","2024-12-09","P201","Mystic White Chocolate","47","CUST-1227"
"SO-10160","2025-02-14","P102","Enchanted Milk Chocolate","155","CUST-1361"
"SO-10161","2022-12-20","P103","Golden Cocoa Truffles","185","CUST-1043"
"SO-10162","2022-05-15","P201","Mystic White Chocolate","128","CUST-1218"
"SO-10163","2024-03-11","P103","Golden Cocoa Truffles","145","CUST-1037"
"SO-10164","2024-12-24","P201","Mystic White Chocolate","178","CUST-1434"
"SO-10165","2026-09-12","P102","Enchanted Milk Chocolate","37","CUST-1441"
"SO-10166","2022-07-31","P103","Golden Cocoa Truffles","126","CUST-1488"
"SO-10167","2025-08-29","P101","Magical Dark Chocolate","184","CUST-1366"
"SO-10168","2022-09-09","P101","Magical Dark Chocolate","197","CUST-1479"
"SO-10169","2025-11-09","P102","Enchanted Milk Chocolate","106","CUST-1115"
"SO-10170","2024-09-18","P102","Enchanted Milk Chocolate","107","CUST-1016"
"SO-10171","2026-02-18","P102","Enchanted Milk Chocolate","63","CUST-1364"
"SO-10172","2025-04-24","P102","Enchanted Milk Chocolate","42","CUST-1379"
"SO-10173","2024-05-03","P201","Mystic White Chocolate","181","CUST-1408"
"SO-10174","2024-07-05","P102","Enchanted Milk Chocolate","172","CUST-1262"
"SO-10175","2025-06-08","P103","Golden Cocoa Truffles","75","CUST-1477"
"SO-10176","2026-04-13","P101","Magical Dark Chocolate","42","CUST-1259"
"SO-10177","2023-09-19","P102","Enchanted Milk Chocolate","42","CUST-1160"
"SO-10178","2023-05-31","P201","Mystic White Chocolate","161","CUST-1475"
"SO-10179","2022-07-06","P103","Golden Cocoa Truffles","116","CUST-1025"
"SO-10180","2023-09-07","P102","Enchanted Milk Chocolate","100","CUST-1193"
"SO-10181","2022-09-18","P201","Mystic White Chocolate","36","CUST-1058"
"SO-10182","2022-05-06","P201","Mystic White Chocolate","41","CUST-1129"
"SO-10183","2026-03-16","P201","Mystic White Chocolate","177","CUST-1078"
"SO-10184","2025-12-03","P102","Enchanted Milk Chocolate","199","CUST-1445"
"SO-10185","2023-05-20","P201","Mystic White Chocolate","37","CUST-1413"
"SO-10186","2023-10-09","P103","Golden Cocoa Truffles","134","CUST-1205"
"SO-10187","2023-07-18","P101","Magical Dark Chocolate","82","CUST-1398"
"SO-10188","2026-07-15","P101","Magical Dark Chocolate","11","CUST-1346"
"SO-10189","2025-01-04","P201","Mystic White Chocolate","11","CUST-1008"
"SO-10190","2022-07-09","P201","Mystic White Chocolate","61","CUST-1030"
"SO-10191","2022-04-26","P102","Enchanted Milk Chocolate","24","CUST-1400"
"SO-10192","2025-08-06","P101","Magical Dark Chocolate","92","CUST-1357"
"SO-10193","2025-06-03","P103","Golden Cocoa Truffles","131","CUST-1288"
"SO-10194","2024-04-20","P201","Mystic White Chocolate","76","CUST-1248"
"SO-10195","2026-06-19","P103","Golden Cocoa Truffles","10","CUST-1057"
"SO-10196","2023-04-29","P103","Golden Cocoa Truffles","54","CUST-1331"
"SO-10197","2026-08-05","P102","Enchanted Milk Chocolate","102","CUST-1235"
"SO-10198","2023-01-10","P201","Mystic White Chocolate","135","CUST-1294"
"SO-10199","2026-01-21","P103","Golden Cocoa Truffles","149","CUST-1231"
"SO-10200","2025-07-31","P101","Magical Dark Chocolate","98","CUST-1103"
"SO-10201","2026-05-27","P201","Mystic White Chocolate","55","CUST-1098"
"SO-10202","2026-04-12","P101","Magical Dark Chocolate","72","CUST-1067"
"SO-10203","2025-04-20","P103","Golden Cocoa Truffles","17","CUST-1271"
"SO-10204","2024-07-29","P201","Mystic White Chocolate","75","CUST-1458"
"SO-10205","2025-12-07","P102","Enchanted Milk Chocolate","25","CUST-1154"
"SO-10206","2026-08-06","P102","Enchanted Milk Chocolate","84","CUST-1301"
"SO-10207","2025-08-26","P102","Enchanted Milk Chocolate","83","CUST-1501"
"SO-10208","2026-03-23","P201","Mystic White Chocolate","178","CUST-1255"
"SO-10209","2025-12-02","P102","Enchanted Milk Chocolate","151","CUST-1159"
"SO-10210","2022-07-19","P101","Magical Dark Chocolate","198","CUST-1440"
"SO-10211","2025-03-04","P103","Golden Cocoa Truffles","66","CUST-1189"
"SO-10212","2023-02-27","P102","Enchanted Milk Chocolate","75","CUST-1114"
"SO-10213","2025-11-07","P102","Enchanted Milk Chocolate","45","CUST-1435"
"SO-10214","2022-10-24","P103","Golden Cocoa Truffles","69","CUST-1076"
"SO-10215","2026-04-20","P201","Mystic White Chocolate","118","CUST-1455"
"SO-10216","2025-01-05","P102","Enchanted Milk Chocolate","88","CUST-1181"
"SO-10217","2024-01-30","P201","Mystic White Chocolate","162","CUST-1487"
"SO-10218","2026-09-05","P101","Magical Dark Chocolate","129","CUST-1373"
"SO-10219","2024-03-28","P102","Enchanted Milk Chocolate","52","CUST-1306"
"SO-10220","2024-02-04","P201","Mystic White Chocolate","186","CUST-1348"
"SO-10221","2024-11-07","P101","Magical Dark Chocolate","18","CUST-1254"
"SO-10222","2025-10-19","P102","Enchanted Milk Chocolate","198","CUST-1079"
"SO-10223","2026-04-01","P101","Magical Dark Chocolate","150","CUST-1077"
"SO-10224","2022-05-18","P103","Golden Cocoa Truffles","144","CUST-1236"
"SO-10225","2022-07-13","P103","Golden Cocoa Truffles","72","CUST-1297"
"SO-10226","2025-02-13","P201","Mystic White Chocolate","155","CUST-1300"
"SO-10227","2026-03-19","P102","Enchanted Milk Chocolate","122","CUST-1013"
"SO-10228","2024-06-20","P101","Magical Dark Chocolate","13","CUST-1190"
"SO-10229","2024-12-08","P102","Enchanted Milk Chocolate","193","CUST-1380"
"SO-10230","2025-01-01","P102","Enchanted Milk Chocolate","75","CUST-1044"
"SO-10231","2025-07-20","P102","Enchanted Milk Chocolate","52","CUST-1278"
"SO-10232","2022-07-26","P103","Golden Cocoa Truffles","111","CUST-1082"
"SO-10233","2026-02-02","P101","Magical Dark Chocolate","51","CUST-1185"
"SO-10234","2024-07-16","P103","Golden Cocoa Truffles","198","CUST-1087"
"SO-10235","2025-11-12","P103","Golden Cocoa Truffles","128","CUST-1490"
"SO-10236","2025-01-29","P101","Magical Dark Chocolate","84","CUST-1494"
"SO-10237","2022-10-19","P201","Mystic White Chocolate","21","CUST-1047"
"SO-10238","2025-01-17","P101","Magical Dark Chocolate","24","CUST-1420"
"SO-10239","2022-12-18","P102","Enchanted Milk Chocolate","117","CUST-1113"
"SO-10240","2023-12-23","P102","Enchanted Milk Chocolate","36","CUST-1108"
"SO-10241","2023-05-12","P101","Magical Dark Chocolate","37","CUST-1426"
"SO-10242","2024-05-30","P101","Magical Dark Chocolate","123","CUST-1466"
"SO-10243","2024-02-01","P101","Magical Dark Chocolate","28","CUST-1337"
"SO-10244","2024-02-18","P201","Mystic White Chocolate","149","CUST-1285"
"SO-10245","2022-12-24","P101","Magical Dark Chocolate","39","CUST-1364"
"SO-10246","2023-08-10","P103","Golden Cocoa Truffles","22","CUST-1391"
"SO-10247","2024-10-18","P201","Mystic White Chocolate","196","CUST-1314"
"SO-10248","2023-06-02","P101","Magical Dark Chocolate","140","CUST-1353"
"SO-10249","2023-05-20","P101","Magical Dark Chocolate","17","CUST-1254"
"SO-10250","2025-05-01","P103","Golden Cocoa Truffles","173","CUST-1382"
"SO-10251","2023-04-05","P101","Magical Dark Chocolate","115","CUST-1203"
"SO-10252","2025-10-15","P102","Enchanted Milk Chocolate","105","CUST-1056"
"SO-10253","2023-10-19","P102","Enchanted Milk Chocolate","165","CUST-1434"
"SO-10254","2022-04-13","P101","Magical Dark Chocolate","193","CUST-1134"
"SO-10255","2023-10-08","P102","Enchanted Milk Chocolate","117","CUST-1344"
"SO-10256","2023-02-22","P201","Mystic White Chocolate","96","CUST-1241"
"SO-10257","2026-09-25","P101","Magical Dark Chocolate","166","CUST-1308"
"SO-10258","2023-08-03","P102","Enchanted Milk Chocolate","37","CUST-1258"
"SO-10259","2025-07-13","P201","Mystic White Chocolate","74","CUST-1280"
"SO-10260","2024-08-01","P101","Magical Dark Chocolate","97","CUST-1125"
"SO-10261","2022-09-17","P102","Enchanted Milk Chocolate","29","CUST-1425"
"SO-10262","2024-05-02","P102","Enchanted Milk Chocolate","130","CUST-1381"
"SO-10263","2025-04-22","P102","Enchanted Milk Chocolate","37","CUST-1440"
"SO-10264","2022-02-08","P101","Magical Dark Chocolate","138","CUST-1214"
"SO-10265","2024-05-12","P201","Mystic White Chocolate","123","CUST-1362"
"SO-10266","2022-01-28","P101","Magical Dark Chocolate","193","CUST-1345"
"SO-10267","2025-09-12","P103","Golden Cocoa Truffles","10","CUST-1342"
"SO-10268","2025-03-27","P103","Golden Cocoa Truffles","28","CUST-1039"
"SO-10269","2022-06-03","P101","Magical Dark Chocolate","29","CUST-1319"
"SO-10270","2024-03-22","P103","Golden Cocoa Truffles","146","CUST-1398"
"SO-10271","2023-03-19","P201","Mystic White Chocolate","36","CUST-1145"
"SO-10272","2026-06-15","P201","Mystic White Chocolate","29","CUST-1455"
"SO-10273","2025-01-21","P103","Golden Cocoa Truffles","16","CUST-1126"
"SO-10274","2023-11-25","P103","Golden Cocoa Truffles","65","CUST-1493"
"SO-10275","2022-07-31","P101","Magical Dark Chocolate","28","CUST-1291"
"SO-10276","2022-06-27","P101","Magical Dark Chocolate","70","CUST-1016"
"SO-10277","2022-11-24","P103","Golden Cocoa Truffles","103","CUST-1321"
"SO-10278","2026-01-17","P201","Mystic White Chocolate","44","CUST-1433"
"SO-10279","2022-03-06","P102","Enchanted Milk Chocolate","80","CUST-1165"
"SO-10280","2025-01-31","P102","Enchanted Milk Chocolate","163","CUST-1041"
"SO-10281","2024-10-03","P102","Enchanted Milk Chocolate","118","CUST-1178"
"SO-10282","2025-09-16","P201","Mystic White Chocolate","153","CUST-1089"
"SO-10283","2023-01-11","P101","Magical Dark Chocolate","21","CUST-1229"
"SO-10284","2025-07-07","P102","Enchanted Milk Chocolate","18","CUST-1223"
"SO-10285","2023-04-07","P101","Magical Dark Chocolate","112","CUST-1237"
"SO-10286","2024-05-12","P101","Magical Dark Chocolate","138","CUST-1052"
"SO-10287","2022-06-03","P201","Mystic White Chocolate","190","CUST-1175"
"SO-10288","2022-03-14","P101","Magical Dark Chocolate","76","CUST-1200"
"SO-10289","2025-08-23","P101","Magical Dark Chocolate","97","CUST-1445"
"SO-10290","2022-06-09","P201","Mystic White Chocolate","172","CUST-1170"
"SO-10291","2024-05-10","P201","Mystic White Chocolate","117","CUST-1325"
"SO-10292","2024-07-18","P103","Golden Cocoa Truffles","25","CUST-1367"
"SO-10293","2023-12-02","P103","Golden Cocoa Truffles","20","CUST-1081"
"SO-10294","2026-07-28","P102","Enchanted Milk Chocolate","134","CUST-1066"
"SO-10295","2023-07-21","P103","Golden Cocoa Truffles","61","CUST-1359"
"SO-10296","2022-02-01","P101","Magical Dark Chocolate","38","CUST-1038"
"SO-10297","2023-07-28","P101","Magical Dark Chocolate","177","CUST-1365"
"SO-10298","2024-09-19","P201","Mystic White Chocolate","99","CUST-1455"
"SO-10299","2025-09-19","P201","Mystic White Chocolate","109","CUST-1432"
"SO-10300","2023-11-03","P101","Magical Dark Chocolate","83","CUST-1474"
"SO-10301","2026-03-21","P103","Golden Cocoa Truffles","64","CUST-1150"
"SO-10302","2023-04-20","P103","Golden Cocoa Truffles","170","CUST-1205"
"SO-10303","2026-07-31","P102","Enchanted Milk Chocolate","30","CUST-1040"
"SO-10304","2025-02-17","P103","Golden Cocoa Truffles","176","CUST-1486"
"SO-10305","2025-02-26","P103","Golden Cocoa Truffles","95","CUST-1006"
"SO-10306","2023-04-29","P102","Enchanted Milk Chocolate","192","CUST-1479"
"SO-10307","2022-09-14","P201","Mystic White Chocolate","22","CUST-1004"
"SO-10308","2023-03-08","P103","Golden Cocoa Truffles","88","CUST-1352"
"SO-10309","2026-06-29","P101","Magical Dark Chocolate","150","CUST-1203"
"SO-10310","2025-01-28","P103","Golden Cocoa Truffles","103","CUST-1474"
"SO-10311","2023-12-16","P103","Golden Cocoa Truffles","157","CUST-1243"
"SO-10312","2023-11-28","P201","Mystic White Chocolate","36","CUST-1109"
"SO-10313","2025-02-03","P101","Magical Dark Chocolate","180","CUST-1201"
"SO-10314","2022-07-21","P101","Magical Dark Chocolate","71","CUST-1415"
"SO-10315","2022-04-25","P101","Magical Dark Chocolate","116","CUST-1275"
"SO-10316","2024-01-03","P103","Golden Cocoa Truffles","169","CUST-1054"
"SO-10317","2024-12-29","P103","Golden Cocoa Truffles","186","CUST-1471"
"SO-10318","2022-04-30","P102","Enchanted Milk Chocolate","142","CUST-1030"
"SO-10319","2023-12-22","P201","Mystic White Chocolate","109","CUST-1304"
"SO-10320","2025-08-15","P101","Magical Dark Chocolate","92","CUST-1449"
"SO-10321","2023-12-23","P101","Magical Dark Chocolate","24","CUST-1361"
"SO-10322","2025-03-17","P201","Mystic White Chocolate","119","CUST-1257"
"SO-10323","2022-09-17","P103","Golden Cocoa Truffles","180","CUST-1389"
"SO-10324","2023-07-12","P101","Magical Dark Chocolate","21","CUST-1436"
"SO-10325","2023-08-30","P201","Mystic White Chocolate","157","CUST-1181"
"SO-10326","2025-05-05","P201","Mystic White Chocolate","112","CUST-1382"
"SO-10327","2022-04-06","P103","Golden Cocoa Truffles","79","CUST-1071"
"SO-10328","2025-05-03","P101","Magical Dark Chocolate","196","CUST-1198"
"SO-10329","2023-04-15","P102","Enchanted Milk Chocolate","167","CUST-1029"
"SO-10330","2024-08-08","P103","Golden Cocoa Truffles","177","CUST-1258"
"SO-10331","2022-01-23","P103","Golden Cocoa Truffles","27","CUST-1015"
"SO-10332","2023-03-18","P103","Golden Cocoa Truffles","50","CUST-1074"
"SO-10333","2022-12-03","P102","Enchanted Milk Chocolate","171","CUST-1350"
"SO-10334","2022-03-16","P102","Enchanted Milk Chocolate","190","CUST-1140"
"SO-10335","2025-12-26","P103","Golden Cocoa Truffles","188","CUST-1203"
"SO-10336","2023-01-03","P201","Mystic White Chocolate","76","CUST-1052"
"SO-10337","2026-03-23","P103","Golden Cocoa Truffles","98","CUST-1453"
"SO-10338","2024-12-22","P101","Magical Dark Chocolate","95","CUST-1002"
"SO-10339","2023-09-14","P101","Magical Dark Chocolate","139","CUST-1356"
"SO-10340","2024-12-03","P103","Golden Cocoa Truffles","51","CUST-1105"
"SO-10341","2026-02-03","P103","Golden Cocoa Truffles","75","CUST-1392"
"SO-10342","2024-01-25","P103","Golden Cocoa Truffles","17","CUST-1230"
"SO-10343","2023-12-19","P201","Mystic White Chocolate","48","CUST-1300"
"SO-10344","2026-09-02","P103","Golden Cocoa Truffles","19","CUST-1297"
"SO-10345","2026-06-13","P101","Magical Dark Chocolate","59","CUST-1094"
"SO-10346","2022-09-18","P101","Magical Dark Chocolate","197","CUST-1467"
"SO-10347","2023-01-11","P201","Mystic White Chocolate","189","CUST-1014"
"SO-10348","2025-02-05","P102","Enchanted Milk Chocolate","142","CUST-1383"
"SO-10349","2022-09-12","P102","Enchanted Milk Chocolate","154","CUST-1148"
"SO-10350","2022-04-18","P102","Enchanted Milk Chocolate","89","CUST-1182"
"SO-10351","2022-07-13","P201","Mystic White Chocolate","55","CUST-1201"
"SO-10352","2022-04-10","P103","Golden Cocoa Truffles","27","CUST-1210"
"SO-10353","2025-08-24","P102","Enchanted Milk Chocolate","91","CUST-1351"
"SO-10354","2026-04-27","P103","Golden Cocoa Truffles","75","CUST-1138"
"SO-10355","2025-12-15","P102","Enchanted Milk Chocolate","142","CUST-1245"
"SO-10356","2026-09-17","P101","Magical Dark Chocolate","195","CUST-1035"
"SO-10357","2026-01-04","P101","Magical Dark Chocolate","195","CUST-1475"
"SO-10358","2022-12-26","P103","Golden Cocoa Truffles","117","CUST-1136"
"SO-10359","2024-01-22","P102","Enchanted Milk Chocolate","174","CUST-1300"
"SO-10360","2026-06-03","P103","Golden Cocoa Truffles","17","CUST-1487"
"SO-10361","2026-06-23","P201","Mystic White Chocolate","161","CUST-1068"
"SO-10362","2022-07-07","P101","Magical Dark Chocolate","40","CUST-1240"
"SO-10363","2023-01-12","P103","Golden Cocoa Truffles","101","CUST-1141"
"SO-10364","2022-05-21","P102","Enchanted Milk Chocolate","100","CUST-1145"
"SO-10365","2026-04-05","P201","Mystic White Chocolate","43","CUST-1428"
"SO-10366","2026-06-23","P103","Golden Cocoa Truffles","115","CUST-1332"
"SO-10367","2026-03-06","P101","Magical Dark Chocolate","154","CUST-1203"
"SO-10368","2023-01-17","P201","Mystic White Chocolate","192","CUST-1437"
"SO-10369","2022-03-30","P102","Enchanted Milk Chocolate","125","CUST-1387"
"SO-10370","2022-05-24","P201","Mystic White Chocolate","33","CUST-1193"
"SO-10371","2022-04-22","P101","Magical Dark Chocolate","187","CUST-1066"
"SO-10372","2022-05-28","P102","Enchanted Milk Chocolate","74","CUST-1404"
"SO-10373","2026-01-13","P101","Magical Dark Chocolate","80","CUST-1417"
"SO-10374","2024-05-28","P101","Magical Dark Chocolate","47","CUST-1065"
"SO-10375","2023-10-20","P102","Enchanted Milk Chocolate","125","CUST-1279"
"SO-10376","2023-05-19","P103","Golden Cocoa Truffles","117","CUST-1060"
"SO-10377","2025-10-16","P103","Golden Cocoa Truffles","163","CUST-1083"
"SO-10378","2023-01-20","P201","Mystic White Chocolate","39","CUST-1235"
"SO-10379","2024-03-10","P101","Magical Dark Chocolate","106","CUST-1104"
"SO-10380","2024-11-14","P103","Golden Cocoa Truffles","93","CUST-1015"
"SO-10381","2022-04-24","P101","Magical Dark Chocolate","23","CUST-1115"
"SO-10382","2024-09-18","P103","Golden Cocoa Truffles","127","CUST-1229"
"SO-10383","2026-04-18","P101","Magical Dark Chocolate","21","CUST-1389"
"SO-10384","2022-05-26","P102","Enchanted Milk Chocolate","80","CUST-1285"
"SO-10385","2025-05-22","P101","Magical Dark Chocolate","169","CUST-1234"
"SO-10386","2026-04-15","P103","Golden Cocoa Truffles","196","CUST-1350"
"SO-10387","2024-10-15","P102","Enchanted Milk Chocolate","195","CUST-1452"
"SO-10388","2022-12-29","P101","Magical Dark Chocolate","115","CUST-1162"
"SO-10389","2024-07-19","P102","Enchanted Milk Chocolate","125","CUST-1050"
"SO-10390","2025-06-22","P101","Magical Dark Chocolate","155","CUST-1196"
"SO-10391","2024-11-27","P103","Golden Cocoa Truffles","66","CUST-1353"
"SO-10392","2025-07-01","P101","Magical Dark Chocolate","160","CUST-1324"
"SO-10393","2026-08-10","P103","Golden Cocoa Truffles","160","CUST-1270"
"SO-10394","2025-08-28","P103","Golden Cocoa Truffles","91","CUST-1478"
"SO-10395","2024-08-16","P101","Magical Dark Chocolate","136","CUST-1167"
"SO-10396","2026-09-11","P201","Mystic White Chocolate","67","CUST-1342"
"SO-10397","2024-02-01","P201","Mystic White Chocolate","26","CUST-1023"
"SO-10398","2026-04-09","P103","Golden Cocoa Truffles","47","CUST-1286"
"SO-10399","2023-11-29","P101","Magical Dark Chocolate","174","CUST-1144"
"SO-10400","2022-03-18","P102","Enchanted Milk Chocolate","40","CUST-1118"
"SO-10401","2024-06-21","P201","Mystic White Chocolate","83","CUST-1305"
"SO-10402","2024-07-28","P101","Magical Dark Chocolate","68","CUST-1313"
"SO-10403","2022-03-04","P201","Mystic White Chocolate","20","CUST-1335"
"SO-10404","2026-08-08","P102","Enchanted Milk Chocolate","34","CUST-1218"
"SO-10405","2022-11-11","P102","Enchanted Milk Chocolate","12","CUST-1042"
"SO-10406","2025-07-11","P101","Magical Dark Chocolate","196","CUST-1266"
"SO-10407","2025-02-28","P103","Golden Cocoa Truffles","42","CUST-1337"
"SO-10408","2022-07-20","P103","Golden Cocoa Truffles","30","CUST-1244"
"SO-10409","2025-07-04","P201","Mystic White Chocolate","38","CUST-1262"
"SO-10410","2025-08-05","P102","Enchanted Milk Chocolate","78","CUST-1080"
"SO-10411","2023-09-19","P201","Mystic White Chocolate","81","CUST-1423"
"SO-10412","2024-07-26","P102","Enchanted Milk Chocolate","164","CUST-1079"
"SO-10413","2026-06-03","P101","Magical Dark Chocolate","79","CUST-1307"
"SO-10414","2025-11-16","P102","Enchanted Milk Chocolate","173","CUST-1055"
"SO-10415","2022-07-19","P101","Magical Dark Chocolate","91","CUST-1400"
"SO-10416","2024-03-16","P201","Mystic White Chocolate","20","CUST-1300"
"SO-10417","2025-02-09","P201","Mystic White Chocolate","60","CUST-1266"
"SO-10418","2025-11-01","P103","Golden Cocoa Truffles","103","CUST-1058"
"SO-10419","2023-11-28","P102","Enchanted Milk Chocolate","37","CUST-1126"
"SO-10420","2022-07-23","P102","Enchanted Milk Chocolate","155","CUST-1213"
"SO-10421","2022-03-14","P201","Mystic White Chocolate","114","CUST-1434"
"SO-10422","2023-07-02","P201","Mystic White Chocolate","26","CUST-1086"
"SO-10423","2023-02-11","P101","Magical Dark Chocolate","87","CUST-1320"
"SO-10424","2022-03-27","P103","Golden Cocoa Truffles","73","CUST-1318"
"SO-10425","2022-11-09","P103","Golden Cocoa Truffles","117","CUST-1454"
"SO-10426","2026-03-30","P103","Golden Cocoa Truffles","107","CUST-1001"
"SO-10427","2023-07-21","P201","Mystic White Chocolate","183","CUST-1429"
"SO-10428","2022-10-16","P101","Magical Dark Chocolate","55","CUST-1014"
"SO-10429","2022-08-13","P103","Golden Cocoa Truffles","13","CUST-1140"
"SO-10430","2022-11-01","P101","Magical Dark Chocolate","158","CUST-1200"
"SO-10431","2025-02-26","P101","Magical Dark Chocolate","73","CUST-1091"
"SO-10432","2025-12-10","P201","Mystic White Chocolate","194","CUST-1270"
"SO-10433","2023-10-08","P201","Mystic White Chocolate","95","CUST-1298"
"SO-10434","2026-03-15","P201","Mystic White Chocolate","196","CUST-1415"
"SO-10435","2025-09-08","P201","Mystic White Chocolate","90","CUST-1259"
"SO-10436","2022-03-29","P101","Magical Dark Chocolate","118","CUST-1091"
"SO-10437","2022-07-26","P102","Enchanted Milk Chocolate","83","CUST-1501"
"SO-10438","2025-04-13","P103","Golden Cocoa Truffles","10","CUST-1419"
"SO-10439","2024-05-31","P201","Mystic White Chocolate","123","CUST-1119"
"SO-10440","2025-05-27","P103","Golden Cocoa Truffles","30","CUST-1445"
"SO-10441","2023-11-18","P103","Golden Cocoa Truffles","170","CUST-1417"
"SO-10442","2024-02-26","P103","Golden Cocoa Truffles","64","CUST-1066"
"SO-10443","2025-07-11","P201","Mystic White Chocolate","27","CUST-1028"
"SO-10444","2023-10-11","P103","Golden Cocoa Truffles","57","CUST-1289"
"SO-10445","2024-07-27","P101","Magical Dark Chocolate","135","CUST-1184"
"SO-10446","2024-10-09","P101","Magical Dark Chocolate","54","CUST-1312"
"SO-10447","2024-06-29","P103","Golden Cocoa Truffles","27","CUST-1069"
"SO-10448","2026-05-16","P101","Magical Dark Chocolate","94","CUST-1120"
"SO-10449","2022-12-07","P201","Mystic White Chocolate","74","CUST-1398"
"SO-10450","2026-04-22","P201","Mystic White Chocolate","173","CUST-1455"
"SO-10451","2024-09-01","P103","Golden Cocoa Truffles","100","CUST-1186"
"SO-10452","2022-08-23","P103","Golden Cocoa Truffles","30","CUST-1138"
"SO-10453","2024-11-21","P102","Enchanted Milk Chocolate","134","CUST-1058"
"SO-10454","2025-04-26","P201","Mystic White Chocolate","164","CUST-1073"
"SO-10455","2024-03-16","P101","Magical Dark Chocolate","25","CUST-1133"
"SO-10456","2022-01-21","P201","Mystic White Chocolate","139","CUST-1370"
"SO-10457","2025-05-15","P102","Enchanted Milk Chocolate","171","CUST-1365"
"SO-10458","2024-02-02","P103","Golden Cocoa Truffles","129","CUST-1381"
"SO-10459","2026-02-07","P103","Golden Cocoa Truffles","196","CUST-1009"
"SO-10460","2026-01-24","P103","Golden Cocoa Truffles","120","CUST-1183"
"SO-10461","2022-09-18","P101","Magical Dark Chocolate","142","CUST-1382"
"SO-10462","2026-09-26","P101","Magical Dark Chocolate","145","CUST-1386"
"SO-10463","2026-07-04","P103","Golden Cocoa Truffles","138","CUST-1395"
"SO-10464","2026-08-28","P102","Enchanted Milk Chocolate","11","CUST-1019"
"SO-10465","2023-06-14","P201","Mystic White Chocolate","49","CUST-1053"
"SO-10466","2024-06-03","P201","Mystic White Chocolate","105","CUST-1395"
"SO-10467","2025-07-12","P101","Magical Dark Chocolate","124","CUST-1069"
"SO-10468","2023-12-27","P103","Golden Cocoa Truffles","169","CUST-1365"
"SO-10469","2023-08-03","P102","Enchanted Milk Chocolate","75","CUST-1043"
"SO-10470","2022-06-28","P103","Golden Cocoa Truffles","98","CUST-1024"
"SO-10471","2023-11-28","P102","Enchanted Milk Chocolate","142","CUST-1391"
"SO-10472","2023-12-05","P201","Mystic White Chocolate","54","CUST-1476"
"SO-10473","2022-09-14","P103","Golden Cocoa Truffles","58","CUST-1456"
"SO-10474","2022-08-24","P101","Magical Dark Chocolate","174","CUST-1270"
"SO-10475","2026-05-15","P103","Golden Cocoa Truffles","122","CUST-1021"
"SO-10476","2024-07-06","P101","Magical Dark Chocolate","173","CUST-1124"
"SO-10477","2024-04-03","P101","Magical Dark Chocolate","14","CUST-1391"
"SO-10478","2026-05-04","P101","Magical Dark Chocolate","16","CUST-1427"
"SO-10479","2026-05-08","P102","Enchanted Milk Chocolate","55","CUST-1023"
"SO-10480","2022-12-12","P201","Mystic White Chocolate","70","CUST-1226"
"SO-10481","2023-08-15","P201","Mystic White Chocolate","43","CUST-1304"
"SO-10482","2026-08-15","P101","Magical Dark Chocolate","153","CUST-1183"
"SO-10483","2023-06-07","P102","Enchanted Milk Chocolate","148","CUST-1467"
"SO-10484","2026-04-03","P103","Golden Cocoa Truffles","164","CUST-1294"
"SO-10485","2025-11-01","P103","Golden Cocoa Truffles","89","CUST-1471"
"SO-10486","2022-06-29","P102","Enchanted Milk Chocolate","47","CUST-1353"
"SO-10487","2024-09-22","P101","Magical Dark Chocolate","109","CUST-1182"
"SO-10488","2023-10-16","P101","Magical Dark Chocolate","161","CUST-1027"
"SO-10489","2023-04-24","P103","Golden Cocoa Truffles","25","CUST-1353"
"SO-10490","2026-04-29","P102","Enchanted Milk Chocolate","122","CUST-1449"
"SO-10491","2023-12-24","P102","Enchanted Milk Chocolate","65","CUST-1482"
"SO-10492","2023-04-04","P102","Enchanted Milk Chocolate","99","CUST-1075"
"SO-10493","2024-08-11","P101","Magical Dark Chocolate","161","CUST-1041"
"SO-10494","2022-06-27","P101","Magical Dark Chocolate","83","CUST-1225"
"SO-10495","2022-04-30","P102","Enchanted Milk Chocolate","104","CUST-1141"
"SO-10496","2026-08-24","P103","Golden Cocoa Truffles","148","CUST-1481"
"SO-10497","2026-07-03","P201","Mystic White Chocolate","90","CUST-1030"
"SO-10498","2026-05-17","P101","Magical Dark Chocolate","197","CUST-1423"
"SO-10499","2023-05-08","P103","Golden Cocoa Truffles","148","CUST-1181"
"SO-10500","2026-02-20","P101","Magical Dark Chocolate","62","CUST-1076"
"SO-10501","2023-04-15","P103","Golden Cocoa Truffles","160","CUST-1198"
"SO-10502","2025-05-16","P103","Golden Cocoa Truffles","147","CUST-1276"
"SO-10503","2022-02-02","P101","Magical Dark Chocolate","39","CUST-1179"
"SO-10504","2023-08-29","P201","Mystic White Chocolate","35","CUST-1364"
"SO-10505","2022-11-25","P101","Magical Dark Chocolate","66","CUST-1001"
"SO-10506","2025-01-05","P101","Magical Dark Chocolate","168","CUST-1463"
"SO-10507","2023-01-13","P101","Magical Dark Chocolate","93","CUST-1341"
"SO-10508","2026-07-24","P101","Magical Dark Chocolate","135","CUST-1016"
"SO-10509","2023-02-16","P102","Enchanted Milk Chocolate","144","CUST-1179"
"SO-10510","2025-07-02","P101","Magical Dark Chocolate","58","CUST-1252"
"SO-10511","2025-12-26","P103","Golden Cocoa Truffles","197","CUST-1455"
"SO-10512","2026-06-28","P101","Magical Dark Chocolate","118","CUST-1460"
"SO-10513","2024-04-13","P103","Golden Cocoa Truffles","61","CUST-1408"
"SO-10514","2024-12-13","P101","Magical Dark Chocolate","31","CUST-1443"
"SO-10515","2023-01-29","P101","Magical Dark Chocolate","85","CUST-1105"
"SO-10516","2022-11-23","P201","Mystic White Chocolate","114","CUST-1312"
"SO-10517","2024-05-11","P101","Magical Dark Chocolate","94","CUST-1305"
"SO-10518","2025-02-05","P102","Enchanted Milk Chocolate","192","CUST-1008"
"SO-10519","2023-01-30","P201","Mystic White Chocolate","191","CUST-1489"
"SO-10520","2023-11-02","P201","Mystic White Chocolate","135","CUST-1303"
"SO-10521","2022-12-12","P103","Golden Cocoa Truffles","144","CUST-1221"
"SO-10522","2025-01-10","P102","Enchanted Milk Chocolate","49","CUST-1415"
"SO-10523","2025-11-03","P201","Mystic White Chocolate","106","CUST-1167"
"SO-10524","2023-09-13","P103","Golden Cocoa Truffles","75","CUST-1382"
"SO-10525","2025-04-28","P101","Magical Dark Chocolate","15","CUST-1480"
"SO-10526","2023-07-03","P201","Mystic White Chocolate","81","CUST-1207"
"SO-10527","2022-11-14","P103","Golden Cocoa Truffles","72","CUST-1091"
"SO-10528","2022-10-13","P101","Magical Dark Chocolate","141","CUST-1047"
"SO-10529","2025-05-01","P103","Golden Cocoa Truffles","120","CUST-1142"
"SO-10530","2024-03-22","P103","Golden Cocoa Truffles","48","CUST-1494"
"SO-10531","2023-01-11","P101","Magical Dark Chocolate","62","CUST-1494"
"SO-10532","2025-09-19","P201","Mystic White Chocolate","118","CUST-1155"
"SO-10533","2024-02-24","P103","Golden Cocoa Truffles","98","CUST-1495"
"SO-10534","2023-01-02","P102","Enchanted Milk Chocolate","176","CUST-1162"
"SO-10535","2024-08-31","P201","Mystic White Chocolate","79","CUST-1221"
"SO-10536","2022-11-15","P101","Magical Dark Chocolate","64","CUST-1104"
"SO-10537","2024-08-25","P103","Golden Cocoa Truffles","131","CUST-1339"
"SO-10538","2022-05-10","P103","Golden Cocoa Truffles","37","CUST-1092"
"SO-10539","2024-10-30","P102","Enchanted Milk Chocolate","145","CUST-1083"
"SO-10540","2022-05-28","P102","Enchanted Milk Chocolate","199","CUST-1080"
"SO-10541","2024-07-09","P101","Magical Dark Chocolate","108","CUST-1464"
"SO-10542","2024-12-23","P103","Golden Cocoa Truffles","99","CUST-1291"
"SO-10543","2024-03-06","P201","Mystic White Chocolate","122","CUST-1103"
"SO-10544","2026-02-23","P102","Enchanted Milk Chocolate","117","CUST-1057"
"SO-10545","2026-09-14","P103","Golden Cocoa Truffles","122","CUST-1405"
"SO-10546","2025-08-06","P102","Enchanted Milk Chocolate","194","CUST-1043"
"SO-10547","2023-03-11","P102","Enchanted Milk Chocolate","184","CUST-1135"
"SO-10548","2025-10-24","P102","Enchanted Milk Chocolate","165","CUST-1172"
"SO-10549","2022-06-05","P102","Enchanted Milk Chocolate","181","CUST-1368"
"SO-10550","2023-11-28","P102","Enchanted Milk Chocolate","194","CUST-1183"
"SO-10551","2022-06-06","P103","Golden Cocoa Truffles","123","CUST-1388"
"SO-10552","2022-10-10","P101","Magical Dark Chocolate","16","CUST-1294"
"SO-10553","2023-07-25","P101","Magical Dark Chocolate","123","CUST-1328"
"SO-10554","2023-05-15","P101","Magical Dark Chocolate","67","CUST-1006"
"SO-10555","2026-03-31","P102","Enchanted Milk Chocolate","122","CUST-1135"
"SO-10556","2023-10-27","P103","Golden Cocoa Truffles","119","CUST-1201"
"SO-10557","2024-06-06","P201","Mystic White Chocolate","17","CUST-1085"
"SO-10558","2025-11-05","P103","Golden Cocoa Truffles","133","CUST-1045"
"SO-10559","2025-11-13","P201","Mystic White Chocolate","41","CUST-1123"
"SO-10560","2022-03-24","P103","Golden Cocoa Truffles","74","CUST-1074"
"SO-10561","2025-06-23","P201","Mystic White Chocolate","11","CUST-1004"
"SO-10562","2023-02-21","P201","Mystic White Chocolate","182","CUST-1116"
"SO-10563","2024-03-27","P201","Mystic White Chocolate","38","CUST-1405"
"SO-10564","2024-01-11","P101","Magical Dark Chocolate","101","CUST-1102"
"SO-10565","2022-02-15","P201","Mystic White Chocolate","49","CUST-1466"
"SO-10566","2023-11-14","P103","Golden Cocoa Truffles","115","CUST-1271"
"SO-10567","2023-11-03","P101","Magical Dark Chocolate","60","CUST-1336"
"SO-10568","2024-12-19","P101","Magical Dark Chocolate","18","CUST-1206"
"SO-10569","2025-02-09","P103","Golden Cocoa Truffles","29","CUST-1413"
"SO-10570","2024-04-30","P201","Mystic White Chocolate","113","CUST-1471"
"SO-10571","2023-06-05","P102","Enchanted Milk Chocolate","200","CUST-1464"
"SO-10572","2024-11-02","P103","Golden Cocoa Truffles","67","CUST-1364"
"SO-10573","2024-01-03","P201","Mystic White Chocolate","46","CUST-1129"
"SO-10574","2024-06-28","P102","Enchanted Milk Chocolate","181","CUST-1039"
"SO-10575","2022-04-05","P103","Golden Cocoa Truffles","145","CUST-1269"
"SO-10576","2023-12-28","P101","Magical Dark Chocolate","197","CUST-1238"
"SO-10577","2023-04-24","P201","Mystic White Chocolate","84","CUST-1461"
"SO-10578","2023-05-22","P101","Magical Dark Chocolate","77","CUST-1047"
"SO-10579","2023-12-05","P103","Golden Cocoa Truffles","98","CUST-1369"
"SO-10580","2022-12-15","P102","Enchanted Milk Chocolate","83","CUST-1420"
"SO-10581","2023-12-04","P103","Golden Cocoa Truffles","107","CUST-1412"
"SO-10582","2026-01-27","P201","Mystic White Chocolate","190","CUST-1088"
"SO-10583","2023-11-05","P101","Magical Dark Chocolate","135","CUST-1047"
"SO-10584","2026-07-10","P201","Mystic White Chocolate","137","CUST-1141"
"SO-10585","2026-06-13","P103","Golden Cocoa Truffles","18","CUST-1403"
"SO-10586","2026-01-23","P201","Mystic White Chocolate","88","CUST-1281"
"SO-10587","2024-01-27","P201","Mystic White Chocolate","124","CUST-1002"
"SO-10588","2026-05-19","P101","Magical Dark Chocolate","124","CUST-1349"
"SO-10589","2023-08-18","P201","Mystic White Chocolate","162","CUST-1347"
"SO-10590","2024-06-11","P102","Enchanted Milk Chocolate","58","CUST-1149"
"SO-10591","2024-10-21","P201","Mystic White Chocolate","30","CUST-1336"
"SO-10592","2022-08-18","P102","Enchanted Milk Chocolate","113","CUST-1325"
"SO-10593","2026-04-13","P103","Golden Cocoa Truffles","25","CUST-1455"
"SO-10594","2024-06-30","P201","Mystic White Chocolate","51","CUST-1233"
"SO-10595","2023-11-19","P201","Mystic White Chocolate","162","CUST-1474"
"SO-10596","2022-12-19","P102","Enchanted Milk Chocolate","117","CUST-1263"
"SO-10597","2025-05-09","P201","Mystic White Chocolate","55","CUST-1147"
"SO-10598","2025-02-07","P101","Magical Dark Chocolate","138","CUST-1490"
"SO-10599","2025-11-17","P101","Magical Dark Chocolate","160","CUST-1007"
"SO-10600","2023-05-15","P101","Magical Dark Chocolate","152","CUST-1051"
"SO-10601","2026-02-28","P103","Golden Cocoa Truffles","108","CUST-1139"
"SO-10602","2026-04-04","P101","Magical Dark Chocolate","69","CUST-1271"
"SO-10603","2026-04-22","P102","Enchanted Milk Chocolate","97","CUST-1101"
"SO-10604","2025-04-29","P102","Enchanted Milk Chocolate","97","CUST-1466"
"SO-10605","2025-01-05","P103","Golden Cocoa Truffles","158","CUST-1143"
"SO-10606","2025-08-11","P201","Mystic White Chocolate","182","CUST-1072"
"SO-10607","2025-01-22","P201","Mystic White Chocolate","94","CUST-1026"
"SO-10608","2022-06-23","P102","Enchanted Milk Chocolate","58","CUST-1495"
"SO-10609","2024-01-04","P101","Magical Dark Chocolate","185","CUST-1249"
"SO-10610","2024-04-03","P201","Mystic White Chocolate","62","CUST-1252"
"SO-10611","2024-09-18","P103","Golden Cocoa Truffles","62","CUST-1235"
"SO-10612","2025-03-19","P102","Enchanted Milk Chocolate","51","CUST-1220"
"SO-10613","2023-12-30","P102","Enchanted Milk Chocolate","153","CUST-1331"
"SO-10614","2023-03-09","P103","Golden Cocoa Truffles","108","CUST-1300"
"SO-10615","2023-01-10","P103","Golden Cocoa Truffles","180","CUST-1394"
"SO-10616","2023-08-18","P103","Golden Cocoa Truffles","170","CUST-1016"
"SO-10617","2023-10-19","P102","Enchanted Milk Chocolate","133","CUST-1268"
"SO-10618","2022-10-05","P101","Magical Dark Chocolate","168","CUST-1077"
"SO-10619","2026-06-25","P103","Golden Cocoa Truffles","24","CUST-1464"
"SO-10620","2026-09-22","P102","Enchanted Milk Chocolate","73","CUST-1363"
"SO-10621","2025-04-18","P201","Mystic White Chocolate","134","CUST-1201"
"SO-10622","2025-12-12","P201","Mystic White Chocolate","13","CUST-1066"
"SO-10623","2024-12-01","P103","Golden Cocoa Truffles","149","CUST-1122"
"SO-10624","2022-08-12","P103","Golden Cocoa Truffles","112","CUST-1066"
"SO-10625","2023-05-21","P201","Mystic White Chocolate","106","CUST-1361"
"SO-10626","2023-12-01","P103","Golden Cocoa Truffles","28","CUST-1256"
"SO-10627","2023-03-16","P101","Magical Dark Chocolate","101","CUST-1179"
"SO-10628","2023-10-24","P103","Golden Cocoa Truffles","86","CUST-1454"
"SO-10629","2025-01-30","P102","Enchanted Milk Chocolate","168","CUST-1283"
"SO-10630","2022-09-14","P201","Mystic White Chocolate","150","CUST-1219"
"SO-10631","2026-07-04","P102","Enchanted Milk Chocolate","127","CUST-1069"
"SO-10632","2022-11-06","P201","Mystic White Chocolate","24","CUST-1106"
"SO-10633","2024-07-20","P103","Golden Cocoa Truffles","98","CUST-1030"
"SO-10634","2025-05-17","P201","Mystic White Chocolate","94","CUST-1408"
"SO-10635","2024-05-25","P201","Mystic White Chocolate","79","CUST-1182"
"SO-10636","2022-06-12","P102","Enchanted Milk Chocolate","31","CUST-1409"
"SO-10637","2025-07-23","P201","Mystic White Chocolate","75","CUST-1434"
"SO-10638","2023-08-27","P101","Magical Dark Chocolate","198","CUST-1451"
"SO-10639","2023-05-20","P103","Golden Cocoa Truffles","97","CUST-1121"
"SO-10640","2023-11-10","P201","Mystic White Chocolate","68","CUST-1204"
"SO-10641","2022-09-06","P103","Golden Cocoa Truffles","74","CUST-1137"
"SO-10642","2023-09-13","P103","Golden Cocoa Truffles","107","CUST-1092"
"SO-10643","2022-02-01","P102","Enchanted Milk Chocolate","100","CUST-1154"
"SO-10644","2023-07-03","P201","Mystic White Chocolate","54","CUST-1339"
"SO-10645","2025-07-27","P103","Golden Cocoa Truffles","23","CUST-1380"
"SO-10646","2024-03-17","P102","Enchanted Milk Chocolate","86","CUST-1407"
"SO-10647","2022-07-06","P102","Enchanted Milk Chocolate","49","CUST-1433"
"SO-10648","2026-03-01","P102","Enchanted Milk Chocolate","144","CUST-1439"
"SO-10649","2025-04-14","P201","Mystic White Chocolate","104","CUST-1381"
"SO-10650","2024-02-15","P201","Mystic White Chocolate","51","CUST-1452"
"SO-10651","2024-03-10","P103","Golden Cocoa Truffles","79","CUST-1429"
"SO-10652","2022-03-12","P102","Enchanted Milk Chocolate","88","CUST-1007"
"SO-10653","2022-06-21","P101","Magical Dark Chocolate","189","CUST-1493"
"SO-10654","2023-10-20","P201","Mystic White Chocolate","171","CUST-1217"
"SO-10655","2023-01-17","P103","Golden Cocoa Truffles","117","CUST-1301"
"SO-10656","2023-04-21","P201","Mystic White Chocolate","176","CUST-1411"
"SO-10657","2023-07-31","P101","Magical Dark Chocolate","137","CUST-1285"
"SO-10658","2025-08-17","P101","Magical Dark Chocolate","82","CUST-1028"
"SO-10659","2023-05-09","P201","Mystic White Chocolate","97","CUST-1302"
"SO-10660","2026-07-19","P102","Enchanted Milk Chocolate","112","CUST-1272"
"SO-10661","2025-01-03","P102","Enchanted Milk Chocolate","45","CUST-1213"
"SO-10662","2025-11-09","P103","Golden Cocoa Truffles","65","CUST-1209"
"SO-10663","2024-10-26","P101","Magical Dark Chocolate","190","CUST-1031"
"SO-10664","2022-12-18","P101","Magical Dark Chocolate","40","CUST-1116"
"SO-10665","2022-07-19","P101","Magical Dark Chocolate","168","CUST-1073"
"SO-10666","2024-02-29","P103","Golden Cocoa Truffles","36","CUST-1023"
"SO-10667","2025-10-22","P201","Mystic White Chocolate","43","CUST-1100"
"SO-10668","2024-09-02","P101","Magical Dark Chocolate","177","CUST-1410"
"SO-10669","2023-06-07","P102","Enchanted Milk Chocolate","50","CUST-1364"
"SO-10670","2022-12-01","P101","Magical Dark Chocolate","187","CUST-1461"
"SO-10671","2023-11-14","P102","Enchanted Milk Chocolate","114","CUST-1193"
"SO-10672","2025-02-15","P201","Mystic White Chocolate","146","CUST-1019"
"SO-10673","2026-02-12","P102","Enchanted Milk Chocolate","65","CUST-1501"
"SO-10674","2024-08-15","P102","Enchanted Milk Chocolate","171","CUST-1197"
"SO-10675","2022-01-04","P101","Magical Dark Chocolate","162","CUST-1428"
"SO-10676","2023-07-05","P103","Golden Cocoa Truffles","155","CUST-1029"
"SO-10677","2025-01-06","P201","Mystic White Chocolate","143","CUST-1114"
"SO-10678","2025-10-07","P103","Golden Cocoa Truffles","31","CUST-1403"
"SO-10679","2024-05-18","P102","Enchanted Milk Chocolate","116","CUST-1001"
"SO-10680","2022-03-09","P101","Magical Dark Chocolate","21","CUST-1208"
"SO-10681","2023-12-26","P201","Mystic White Chocolate","188","CUST-1032"
"SO-10682","2022-04-22","P103","Golden Cocoa Truffles","103","CUST-1454"
"SO-10683","2022-03-18","P101","Magical Dark Chocolate","151","CUST-1296"
"SO-10684","2023-07-07","P201","Mystic White Chocolate","16","CUST-1403"
"SO-10685","2025-01-01","P101","Magical Dark Chocolate","19","CUST-1306"
"SO-10686","2024-05-28","P101","Magical Dark Chocolate","50","CUST-1477"
"SO-10687","2025-06-14","P103","Golden Cocoa Truffles","45","CUST-1071"
"SO-10688","2022-04-20","P201","Mystic White Chocolate","19","CUST-1236"
"SO-10689","2024-06-23","P102","Enchanted Milk Chocolate","192","CUST-1222"
"SO-10690","2022-01-10","P103","Golden Cocoa Truffles","21","CUST-1054"
"SO-10691","2022-12-10","P102","Enchanted Milk Chocolate","177","CUST-1132"
"SO-10692","2024-08-20","P102","Enchanted Milk Chocolate","51","CUST-1287"
"SO-10693","2026-07-21","P101","Magical Dark Chocolate","39","CUST-1016"
"SO-10694","2023-08-26","P101","Magical Dark Chocolate","181","CUST-1446"
"SO-10695","2022-08-23","P201","Mystic White Chocolate","13","CUST-1257"
"SO-10696","2022-10-23","P102","Enchanted Milk Chocolate","94","CUST-1364"
"SO-10697","2023-03-25","P201","Mystic White Chocolate","189","CUST-1036"
"SO-10698","2024-01-31","P102","Enchanted Milk Chocolate","131","CUST-1498"
"SO-10699","2022-04-08","P101","Magical Dark Chocolate","169","CUST-1310"
"SO-10700","2023-03-16","P102","Enchanted Milk Chocolate","60","CUST-1342"
"SO-10701","2022-09-06","P201","Mystic White Chocolate","140","CUST-1193"
"SO-10702","2022-09-13","P103","Golden Cocoa Truffles","64","CUST-1283"
"SO-10703","2023-08-12","P102","Enchanted Milk Chocolate","106","CUST-1210"
"SO-10704","2024-10-06","P102","Enchanted Milk Chocolate","66","CUST-1415"
"SO-10705","2025-08-17","P201","Mystic White Chocolate","58","CUST-1067"
"SO-10706","2025-06-03","P201","Mystic White Chocolate","150","CUST-1374"
"SO-10707","2023-02-12","P201","Mystic White Chocolate","33","CUST-1482"
"SO-10708","2025-09-05","P201","Mystic White Chocolate","173","CUST-1328"
"SO-10709","2022-02-12","P103","Golden Cocoa Truffles","31","CUST-1329"
"SO-10710","2022-06-30","P201","Mystic White Chocolate","191","CUST-1265"
"SO-10711","2023-09-27","P103","Golden Cocoa Truffles","127","CUST-1026"
"SO-10712","2026-03-16","P201","Mystic White Chocolate","156","CUST-1006"
"SO-10713","2022-02-14","P101","Magical Dark Chocolate","78","CUST-1024"
"SO-10714","2022-02-20","P103","Golden Cocoa Truffles","111","CUST-1198"
"SO-10715","2024-12-13","P201","Mystic White Chocolate","19","CUST-1100"
"SO-10716","2022-12-18","P101","Magical Dark Chocolate","196","CUST-1388"
"SO-10717","2022-07-08","P102","Enchanted Milk Chocolate","49","CUST-1266"
"SO-10718","2022-11-25","P101","Magical Dark Chocolate","23","CUST-1422"
"SO-10719","2024-07-24","P101","Magical Dark Chocolate","11","CUST-1088"
"SO-10720","2025-09-30","P102","Enchanted Milk Chocolate","112","CUST-1353"
"SO-10721","2023-06-11","P102","Enchanted Milk Chocolate","150","CUST-1129"
"SO-10722","2024-01-31","P102","Enchanted Milk Chocolate","161","CUST-1246"
"SO-10723","2026-02-07","P102","Enchanted Milk Chocolate","138","CUST-1037"
"SO-10724","2026-06-16","P103","Golden Cocoa Truffles","176","CUST-1255"
"SO-10725","2023-06-05","P201","Mystic White Chocolate","118","CUST-1453"
"SO-10726","2024-07-20","P102","Enchanted Milk Chocolate","161","CUST-1242"
"SO-10727","2022-08-25","P103","Golden Cocoa Truffles","139","CUST-1280"
"SO-10728","2026-01-29","P102","Enchanted Milk Chocolate","128","CUST-1112"
"SO-10729","2023-09-26","P201","Mystic White Chocolate","157","CUST-1029"
"SO-10730","2026-05-16","P102","Enchanted Milk Chocolate","115","CUST-1045"
"SO-10731","2022-12-21","P101","Magical Dark Chocolate","70","CUST-1294"
"SO-10732","2023-12-14","P201","Mystic White Chocolate","56","CUST-1420"
"SO-10733","2025-04-17","P201","Mystic White Chocolate","88","CUST-1246"
"SO-10734","2025-08-31","P103","Golden Cocoa Truffles","79","CUST-1332"
"SO-10735","2025-05-07","P103","Golden Cocoa Truffles","184","CUST-1393"
"SO-10736","2024-12-30","P201","Mystic White Chocolate","70","CUST-1397"
"SO-10737","2026-06-11","P201","Mystic White Chocolate","119","CUST-1342"
"SO-10738","2024-07-17","P102","Enchanted Milk Chocolate","88","CUST-1497"
"SO-10739","2022-02-08","P102","Enchanted Milk Chocolate","150","CUST-1383"
"SO-10740","2024-12-05","P201","Mystic White Chocolate","85","CUST-1078"
"SO-10741","2022-07-19","P201","Mystic White Chocolate","159","CUST-1269"
"SO-10742","2023-11-29","P103","Golden Cocoa Truffles","34","CUST-1347"
"SO-10743","2023-12-11","P103","Golden Cocoa Truffles","35","CUST-1411"
"SO-10744","2022-12-31","P101","Magical Dark Chocolate","183","CUST-1235"
"SO-10745","2024-03-21","P102","Enchanted Milk Chocolate","168","CUST-1063"
"SO-10746","2024-09-27","P103","Golden Cocoa Truffles","84","CUST-1214"
"SO-10747","2024-07-26","P101","Magical Dark Chocolate","198","CUST-1493"
"SO-10748","2024-10-25","P103","Golden Cocoa Truffles","134","CUST-1194"
"SO-10749","2023-03-12","P101","Magical Dark Chocolate","95","CUST-1089"
"SO-10750","2024-03-28","P101","Magical Dark Chocolate","170","CUST-1140"
"SO-10751","2022-10-07","P101","Magical Dark Chocolate","174","CUST-1028"
"SO-10752","2023-08-12","P101","Magical Dark Chocolate","76","CUST-1357"
"SO-10753","2026-08-31","P103","Golden Cocoa Truffles","20","CUST-1447"
"SO-10754","2022-09-13","P101","Magical Dark Chocolate","80","CUST-1030"
"SO-10755","2024-02-18","P101","Magical Dark Chocolate","55","CUST-1312"
"SO-10756","2026-09-23","P102","Enchanted Milk Chocolate","14","CUST-1448"
"SO-10757","2022-02-08","P102","Enchanted Milk Chocolate","18","CUST-1045"
"SO-10758","2022-09-24","P101","Magical Dark Chocolate","149","CUST-1173"
"SO-10759","2026-05-12","P103","Golden Cocoa Truffles","115","CUST-1330"
"SO-10760","2024-05-16","P101","Magical Dark Chocolate","149","CUST-1211"
"SO-10761","2022-05-29","P201","Mystic White Chocolate","134","CUST-1466"
"SO-10762","2022-06-12","P201","Mystic White Chocolate","165","CUST-1180"
"SO-10763","2023-11-10","P102","Enchanted Milk Chocolate","194","CUST-1125"
"SO-10764","2022-11-29","P201","Mystic White Chocolate","94","CUST-1136"
"SO-10765","2026-03-27","P201","Mystic White Chocolate","134","CUST-1192"
"SO-10766","2022-07-03","P102","Enchanted Milk Chocolate","167","CUST-1187"
"SO-10767","2023-05-20","P102","Enchanted Milk Chocolate","153","CUST-1290"
"SO-10768","2024-04-02","P201","Mystic White Chocolate","124","CUST-1380"
"SO-10769","2023-07-28","P201","Mystic White Chocolate","92","CUST-1164"
"SO-10770","2023-05-26","P102","Enchanted Milk Chocolate","101","CUST-1374"
"SO-10771","2023-04-04","P102","Enchanted Milk Chocolate","81","CUST-1167"
"SO-10772","2023-10-09","P103","Golden Cocoa Truffles","61","CUST-1138"
"SO-10773","2023-02-01","P201","Mystic White Chocolate","50","CUST-1053"
"SO-10774","2024-03-26","P103","Golden Cocoa Truffles","52","CUST-1462"
"SO-10775","2026-03-26","P103","Golden Cocoa Truffles","139","CUST-1056"
"SO-10776","2023-09-08","P103","Golden Cocoa Truffles","142","CUST-1065"
"SO-10777","2023-12-01","P102","Enchanted Milk Chocolate","128","CUST-1223"
"SO-10778","2022-08-27","P201","Mystic White Chocolate","54","CUST-1489"
"SO-10779","2024-09-20","P103","Golden Cocoa Truffles","151","CUST-1027"
"SO-10780","2026-07-25","P102","Enchanted Milk Chocolate","174","CUST-1491"
"SO-10781","2022-04-10","P101","Magical Dark Chocolate","137","CUST-1092"
"SO-10782","2023-01-14","P101","Magical Dark Chocolate","143","CUST-1292"
"SO-10783","2022-02-02","P102","Enchanted Milk Chocolate","115","CUST-1345"
"SO-10784","2023-11-08","P102","Enchanted Milk Chocolate","38","CUST-1465"
"SO-10785","2023-09-19","P102","Enchanted Milk Chocolate","177","CUST-1464"
"SO-10786","2026-04-20","P103","Golden Cocoa Truffles","16","CUST-1417"
"SO-10787","2025-01-21","P102","Enchanted Milk Chocolate","173","CUST-1353"
"SO-10788","2023-07-28","P201","Mystic White Chocolate","22","CUST-1048"
"SO-10789","2022-09-04","P101","Magical Dark Chocolate","163","CUST-1149"
"SO-10790","2026-02-04","P103","Golden Cocoa Truffles","145","CUST-1156"
"SO-10791","2022-12-11","P201","Mystic White Chocolate","20","CUST-1393"
"SO-10792","2024-01-25","P201","Mystic White Chocolate","192","CUST-1201"
"SO-10793","2026-08-03","P103","Golden Cocoa Truffles","176","CUST-1148"
"SO-10794","2022-09-28","P201","Mystic White Chocolate","35","CUST-1050"
"SO-10795","2024-01-31","P102","Enchanted Milk Chocolate","159","CUST-1413"
"SO-10796","2025-12-15","P201","Mystic White Chocolate","103","CUST-1162"
"SO-10797","2026-07-25","P102","Enchanted Milk Chocolate","42","CUST-1372"
"SO-10798","2024-09-25","P103","Golden Cocoa Truffles","160","CUST-1438"
"SO-10799","2024-10-24","P103","Golden Cocoa Truffles","29","CUST-1495"
"SO-10800","2024-05-31","P103","Golden Cocoa Truffles","165","CUST-1060"
"SO-10801","2024-01-23","P102","Enchanted Milk Chocolate","19","CUST-1326"
"SO-10802","2026-06-20","P201","Mystic White Chocolate","69","CUST-1009"
"SO-10803","2025-11-18","P102","Enchanted Milk Chocolate","15","CUST-1151"
"SO-10804","2026-04-09","P101","Magical Dark Chocolate","66","CUST-1404"
"SO-10805","2024-04-16","P101","Magical Dark Chocolate","23","CUST-1306"
"SO-10806","2026-01-09","P101","Magical Dark Chocolate","62","CUST-1459"
"SO-10807","2024-12-16","P102","Enchanted Milk Chocolate","72","CUST-1406"
"SO-10808","2023-11-27","P101","Magical Dark Chocolate","117","CUST-1219"
"SO-10809","2023-04-03","P101","Magical Dark Chocolate","198","CUST-1432"
"SO-10810","2022-03-31","P102","Enchanted Milk Chocolate","65","CUST-1461"
"SO-10811","2024-05-24","P102","Enchanted Milk Chocolate","61","CUST-1028"
"SO-10812","2023-06-21","P201","Mystic White Chocolate","11","CUST-1230"
"SO-10813","2022-11-30","P102","Enchanted Milk Chocolate","140","CUST-1283"
"SO-10814","2024-10-28","P101","Magical Dark Chocolate","192","CUST-1318"
"SO-10815","2023-10-19","P103","Golden Cocoa Truffles","145","CUST-1207"
"SO-10816","2026-06-27","P102","Enchanted Milk Chocolate","178","CUST-1394"
"SO-10817","2022-12-28","P101","Magical Dark Chocolate","169","CUST-1118"
"SO-10818","2023-12-17","P101","Magical Dark Chocolate","142","CUST-1431"
"SO-10819","2022-06-22","P103","Golden Cocoa Truffles","169","CUST-1249"
"SO-10820","2024-03-16","P103","Golden Cocoa Truffles","194","CUST-1332"
"SO-10821","2024-09-18","P103","Golden Cocoa Truffles","46","CUST-1337"
"SO-10822","2025-11-24","P103","Golden Cocoa Truffles","136","CUST-1313"
"SO-10823","2025-02-16","P201","Mystic White Chocolate","134","CUST-1463"
"SO-10824","2026-03-05","P102","Enchanted Milk Chocolate","123","CUST-1498"
"SO-10825","2023-12-01","P102","Enchanted Milk Chocolate","139","CUST-1349"
"SO-10826","2023-04-14","P102","Enchanted Milk Chocolate","150","CUST-1361"
"SO-10827","2025-12-15","P102","Enchanted Milk Chocolate","112","CUST-1083"
"SO-10828","2023-07-03","P201","Mystic White Chocolate","134","CUST-1449"
"SO-10829","2024-03-17","P102","Enchanted Milk Chocolate","176","CUST-1486"
"SO-10830","2025-01-17","P101","Magical Dark Chocolate","179","CUST-1194"
"SO-10831","2026-05-18","P201","Mystic White Chocolate","42","CUST-1167"
"SO-10832","2025-12-07","P103","Golden Cocoa Truffles","146","CUST-1121"
"SO-10833","2022-01-27","P103","Golden Cocoa Truffles","21","CUST-1365"
"SO-10834","2024-12-25","P102","Enchanted Milk Chocolate","198","CUST-1464"
"SO-10835","2025-08-27","P103","Golden Cocoa Truffles","13","CUST-1109"
"SO-10836","2025-01-01","P201","Mystic White Chocolate","72","CUST-1457"
"SO-10837","2023-01-31","P102","Enchanted Milk Chocolate","47","CUST-1386"
"SO-10838","2024-08-22","P101","Magical Dark Chocolate","127","CUST-1160"
"SO-10839","2024-11-04","P201","Mystic White Chocolate","110","CUST-1027"
"SO-10840","2024-11-11","P101","Magical Dark Chocolate","98","CUST-1467"
"SO-10841","2022-03-23","P101","Magical Dark Chocolate","56","CUST-1304"
"SO-10842","2026-09-05","P201","Mystic White Chocolate","12","CUST-1469"
"SO-10843","2025-11-12","P101","Magical Dark Chocolate","54","CUST-1252"
"SO-10844","2022-06-25","P101","Magical Dark Chocolate","49","CUST-1394"
"SO-10845","2022-11-11","P103","Golden Cocoa Truffles","168","CUST-1007"
"SO-10846","2024-09-19","P103","Golden Cocoa Truffles","158","CUST-1225"
"SO-10847","2024-11-30","P101","Magical Dark Chocolate","116","CUST-1479"
"SO-10848","2024-12-17","P102","Enchanted Milk Chocolate","125","CUST-1390"
"SO-10849","2022-01-19","P201","Mystic White Chocolate","13","CUST-1183"
"SO-10850","2023-09-03","P101","Magical Dark Chocolate","74","CUST-1235"
"SO-10851","2026-04-30","P201","Mystic White Chocolate","182","CUST-1018"
"SO-10852","2024-04-04","P201","Mystic White Chocolate","103","CUST-1017"
"SO-10853","2024-07-19","P102","Enchanted Milk Chocolate","161","CUST-1284"
"SO-10854","2022-05-14","P101","Magical Dark Chocolate","138","CUST-1207"
"SO-10855","2023-04-14","P201","Mystic White Chocolate","109","CUST-1321"
"SO-10856","2023-12-04","P102","Enchanted Milk Chocolate","50","CUST-1498"
"SO-10857","2025-05-05","P101","Magical Dark Chocolate","194","CUST-1474"
"SO-10858","2026-02-14","P103","Golden Cocoa Truffles","196","CUST-1354"
"SO-10859","2023-11-06","P102","Enchanted Milk Chocolate","153","CUST-1091"
"SO-10860","2022-01-22","P102","Enchanted Milk Chocolate","47","CUST-1306"
"SO-10861","2026-06-08","P103","Golden Cocoa Truffles","86","CUST-1499"
"SO-10862","2024-06-22","P102","Enchanted Milk Chocolate","170","CUST-1309"
"SO-10863","2023-08-23","P103","Golden Cocoa Truffles","41","CUST-1263"
"SO-10864","2023-04-18","P103","Golden Cocoa Truffles","157","CUST-1226"
"SO-10865","2025-08-03","P101","Magical Dark Chocolate","139","CUST-1325"
"SO-10866","2023-01-18","P103","Golden Cocoa Truffles","93","CUST-1314"
"SO-10867","2022-03-19","P101","Magical Dark Chocolate","67","CUST-1185"
"SO-10868","2023-08-27","P201","Mystic White Chocolate","158","CUST-1445"
"SO-10869","2026-04-07","P103","Golden Cocoa Truffles","148","CUST-1474"
"SO-10870","2022-12-11","P102","Enchanted Milk Chocolate","47","CUST-1096"
"SO-10871","2024-07-30","P102","Enchanted Milk Chocolate","51","CUST-1177"
"SO-10872","2022-02-21","P101","Magical Dark Chocolate","122","CUST-1204"
"SO-10873","2024-06-15","P101","Magical Dark Chocolate","109","CUST-1402"
"SO-10874","2026-03-04","P101","Magical Dark Chocolate","12","CUST-1227"
"SO-10875","2024-01-26","P102","Enchanted Milk Chocolate","35","CUST-1002"
"SO-10876","2024-09-03","P103","Golden Cocoa Truffles","97","CUST-1038"
"SO-10877","2023-03-27","P201","Mystic White Chocolate","55","CUST-1006"
"SO-10878","2022-08-22","P103","Golden Cocoa Truffles","115","CUST-1176"
"SO-10879","2023-01-27","P102","Enchanted Milk Chocolate","77","CUST-1019"
"SO-10880","2025-01-22","P101","Magical Dark Chocolate","43","CUST-1168"
"SO-10881","2024-12-13","P201","Mystic White Chocolate","20","CUST-1154"
"SO-10882","2026-09-08","P201","Mystic White Chocolate","63","CUST-1111"
"SO-10883","2023-10-13","P102","Enchanted Milk Chocolate","167","CUST-1109"
"SO-10884","2024-10-28","P101","Magical Dark Chocolate","55","CUST-1494"
"SO-10885","2023-06-20","P101","Magical Dark Chocolate","96","CUST-1172"
"SO-10886","2025-04-08","P102","Enchanted Milk Chocolate","192","CUST-1078"
"SO-10887","2022-06-08","P201","Mystic White Chocolate","121","CUST-1461"
"SO-10888","2022-10-08","P201","Mystic White Chocolate","124","CUST-1033"
"SO-10889","2025-09-03","P103","Golden Cocoa Truffles","155","CUST-1170"
"SO-10890","2024-01-24","P101","Magical Dark Chocolate","137","CUST-1460"
"SO-10891","2024-09-10","P201","Mystic White Chocolate","54","CUST-1459"
"SO-10892","2023-05-21","P103","Golden Cocoa Truffles","110","CUST-1491"
"SO-10893","2025-07-22","P101","Magical Dark Chocolate","193","CUST-1071"
"SO-10894","2023-05-26","P101","Magical Dark Chocolate","121","CUST-1161"
"SO-10895","2023-09-15","P102","Enchanted Milk Chocolate","188","CUST-1045"
"SO-10896","2022-06-26","P103","Golden Cocoa Truffles","194","CUST-1064"
"SO-10897","2022-05-08","P101","Magical Dark Chocolate","166","CUST-1283"
"SO-10898","2024-07-26","P101","Magical Dark Chocolate","11","CUST-1488"
"SO-10899","2022-03-17","P101","Magical Dark Chocolate","125","CUST-1248"
"SO-10900","2026-06-11","P101","Magical Dark Chocolate","43","CUST-1060"
"SO-10901","2025-07-10","P103","Golden Cocoa Truffles","29","CUST-1035"
"SO-10902","2025-06-06","P201","Mystic White Chocolate","173","CUST-1028"
"SO-10903","2022-06-17","P101","Magical Dark Chocolate","18","CUST-1137"
"SO-10904","2025-05-25","P101","Magical Dark Chocolate","156","CUST-1423"
"SO-10905","2025-04-14","P201","Mystic White Chocolate","80","CUST-1402"
"SO-10906","2024-02-22","P101","Magical Dark Chocolate","118","CUST-1049"
"SO-10907","2026-04-02","P101","Magical Dark Chocolate","87","CUST-1331"
"SO-10908","2022-09-21","P101","Magical Dark Chocolate","155","CUST-1156"
"SO-10909","2026-03-29","P201","Mystic White Chocolate","157","CUST-1420"
"SO-10910","2022-04-25","P201","Mystic White Chocolate","49","CUST-1032"
"SO-10911","2024-11-04","P103","Golden Cocoa Truffles","79","CUST-1335"
"SO-10912","2024-12-14","P201","Mystic White Chocolate","29","CUST-1322"
"SO-10913","2023-09-21","P102","Enchanted Milk Chocolate","179","CUST-1445"
"SO-10914","2022-08-14","P102","Enchanted Milk Chocolate","90","CUST-1481"
"SO-10915","2026-02-21","P101","Magical Dark Chocolate","25","CUST-1356"
"SO-10916","2024-05-07","P103","Golden Cocoa Truffles","189","CUST-1046"
"SO-10917","2025-02-18","P102","Enchanted Milk Chocolate","181","CUST-1154"
"SO-10918","2023-11-03","P102","Enchanted Milk Chocolate","77","CUST-1371"
"SO-10919","2024-05-06","P102","Enchanted Milk Chocolate","189","CUST-1448"
"SO-10920","2024-02-13","P103","Golden Cocoa Truffles","92","CUST-1338"
"SO-10921","2025-04-29","P101","Magical Dark Chocolate","159","CUST-1346"
"SO-10922","2025-05-20","P101","Magical Dark Chocolate","107","CUST-1219"
"SO-10923","2026-07-16","P102","Enchanted Milk Chocolate","70","CUST-1352"
"SO-10924","2023-05-23","P101","Magical Dark Chocolate","141","CUST-1055"
"SO-10925","2022-09-04","P201","Mystic White Chocolate","157","CUST-1221"
"SO-10926","2022-12-12","P102","Enchanted Milk Chocolate","191","CUST-1460"
"SO-10927","2023-10-07","P103","Golden Cocoa Truffles","17","CUST-1039"
"SO-10928","2025-12-10","P101","Magical Dark Chocolate","87","CUST-1412"
"SO-10929","2025-06-29","P103","Golden Cocoa Truffles","79","CUST-1279"
"SO-10930","2026-07-15","P103","Golden Cocoa Truffles","91","CUST-1073"
"SO-10931","2024-04-05","P102","Enchanted Milk Chocolate","116","CUST-1433"
"SO-10932","2024-07-15","P103","Golden Cocoa Truffles","183","CUST-1323"
"SO-10933","2022-04-19","P102","Enchanted Milk Chocolate","39","CUST-1197"
"SO-10934","2024-02-22","P102","Enchanted Milk Chocolate","188","CUST-1197"
"SO-10935","2022-09-08","P201","Mystic White Chocolate","140","CUST-1372"
"SO-10936","2024-02-06","P101","Magical Dark Chocolate","165","CUST-1392"
"SO-10937","2026-05-10","P101","Magical Dark Chocolate","85","CUST-1039"
"SO-10938","2022-03-23","P102","Enchanted Milk Chocolate","142","CUST-1458"
"SO-10939","2024-11-07","P201","Mystic White Chocolate","57","CUST-1439"
"SO-10940","2025-02-18","P103","Golden Cocoa Truffles","65","CUST-1187"
"SO-10941","2023-11-01","P103","Golden Cocoa Truffles","172","CUST-1052"
"SO-10942","2023-05-10","P101","Magical Dark Chocolate","173","CUST-1366"
"SO-10943","2023-05-11","P201","Mystic White Chocolate","42","CUST-1304"
"SO-10944","2022-06-27","P103","Golden Cocoa Truffles","113","CUST-1246"
"SO-10945","2024-12-16","P103","Golden Cocoa Truffles","45","CUST-1344"
"SO-10946","2026-07-30","P201","Mystic White Chocolate","122","CUST-1005"
"SO-10947","2025-06-17","P102","Enchanted Milk Chocolate","57","CUST-1127"
"SO-10948","2022-06-04","P201","Mystic White Chocolate","47","CUST-1355"
"SO-10949","2023-08-06","P101","Magical Dark Chocolate","44","CUST-1011"
"SO-10950","2023-03-22","P201","Mystic White Chocolate","78","CUST-1283"
"SO-10951","2026-09-28","P102","Enchanted Milk Chocolate","38","CUST-1169"
"SO-10952","2023-04-29","P201","Mystic White Chocolate","86","CUST-1138"
"SO-10953","2022-02-07","P102","Enchanted Milk Chocolate","172","CUST-1071"
"SO-10954","2025-11-14","P103","Golden Cocoa Truffles","180","CUST-1267"
"SO-10955","2025-03-03","P103","Golden Cocoa Truffles","108","CUST-1155"
"SO-10956","2022-11-16","P201","Mystic White Chocolate","144","CUST-1263"
"SO-10957","2024-10-23","P103","Golden Cocoa Truffles","163","CUST-1204"
"SO-10958","2026-07-08","P201","Mystic White Chocolate","140","CUST-1122"
"SO-10959","2022-04-27","P103","Golden Cocoa Truffles","147","CUST-1084"
"SO-10960","2023-04-22","P102","Enchanted Milk Chocolate","155","CUST-1096"
"SO-10961","2022-03-30","P102","Enchanted Milk Chocolate","174","CUST-1359"
"SO-10962","2023-11-16","P103","Golden Cocoa Truffles","101","CUST-1402"
"SO-10963","2026-05-09","P101","Magical Dark Chocolate","130","CUST-1324"
"SO-10964","2026-03-20","P103","Golden Cocoa Truffles","147","CUST-1339"
"SO-10965","2022-02-26","P201","Mystic White Chocolate","199","CUST-1338"
"SO-10966","2025-04-06","P201","Mystic White Chocolate","173","CUST-1017"
"SO-10967","2024-11-05","P102","Enchanted Milk Chocolate","152","CUST-1283"
"SO-10968","2025-11-05","P102","Enchanted Milk Chocolate","27","CUST-1406"
"SO-10969","2022-12-15","P102","Enchanted Milk Chocolate","191","CUST-1264"
"SO-10970","2025-09-16","P101","Magical Dark Chocolate","174","CUST-1159"
"SO-10971","2022-09-06","P103","Golden Cocoa Truffles","166","CUST-1093"
"SO-10972","2025-11-10","P101","Magical Dark Chocolate","126","CUST-1423"
"SO-10973","2026-04-29","P101","Magical Dark Chocolate","146","CUST-1114"
"SO-10974","2024-01-27","P201","Mystic White Chocolate","187","CUST-1493"
"SO-10975","2025-07-29","P103","Golden Cocoa Truffles","177","CUST-1190"
"SO-10976","2023-03-21","P101","Magical Dark Chocolate","34","CUST-1179"
"SO-10977","2022-07-22","P101","Magical Dark Chocolate","165","CUST-1004"
"SO-10978","2026-09-05","P101","Magical Dark Chocolate","74","CUST-1210"
"SO-10979","2023-12-12","P102","Enchanted Milk Chocolate","155","CUST-1235"
"SO-10980","2022-12-25","P102","Enchanted Milk Chocolate","118","CUST-1201"
"SO-10981","2023-07-31","P201","Mystic White Chocolate","153","CUST-1224"
"SO-10982","2024-11-16","P102","Enchanted Milk Chocolate","61","CUST-1320"
"SO-10983","2023-01-05","P103","Golden Cocoa Truffles","81","CUST-1057"
"SO-10984","2025-05-24","P102","Enchanted Milk Chocolate","108","CUST-1365"
"SO-10985","2026-04-01","P103","Golden Cocoa Truffles","47","CUST-1153"
"SO-10986","2022-11-11","P103","Golden Cocoa Truffles","16","CUST-1137"
"SO-10987","2023-12-16","P102","Enchanted Milk Chocolate","76","CUST-1056"
"SO-10988","2024-02-04","P102","Enchanted Milk Chocolate","161","CUST-1366"
"SO-10989","2023-08-31","P201","Mystic White Chocolate","15","CUST-1442"
"SO-10990","2024-03-08","P103","Golden Cocoa Truffles","151","CUST-1125"
"SO-10991","2022-10-27","P102","Enchanted Milk Chocolate","27","CUST-1143"
"SO-10992","2023-01-21","P102","Enchanted Milk Chocolate","110","CUST-1144"
"SO-10993","2022-01-23","P201","Mystic White Chocolate","102","CUST-1285"
"SO-10994","2025-06-25","P103","Golden Cocoa Truffles","183","CUST-1404"
"SO-10995","2023-04-24","P201","Mystic White Chocolate","39","CUST-1405"
"SO-10996","2023-09-09","P201","Mystic White Chocolate","44","CUST-1497"
"SO-10997","2023-01-04","P201","Mystic White Chocolate","84","CUST-1281"
"SO-10998","2025-10-30","P102","Enchanted Milk Chocolate","64","CUST-1020"
"SO-10999","2026-04-18","P102","Enchanted Milk Chocolate","53","CUST-1019"
"SO-11000","2024-09-10","P101","Magical Dark Chocolate","60","CUST-1220"
"SO-11001","2023-02-20","P201","Mystic White Chocolate","15","CUST-1302"
"SO-11002","2022-03-30","P102","Enchanted Milk Chocolate","87","CUST-1193"
"SO-11003","2022-06-21","P201","Mystic White Chocolate","33","CUST-1343"
"SO-11004","2023-04-28","P102","Enchanted Milk Chocolate","158","CUST-1107"
"SO-11005","2022-05-11","P102","Enchanted Milk Chocolate","78","CUST-1234"
"SO-11006","2025-03-19","P201","Mystic White Chocolate","124","CUST-1419"
"SO-11007","2023-05-10","P103","Golden Cocoa Truffles","56","CUST-1493"
"SO-11008","2024-06-21","P103","Golden Cocoa Truffles","163","CUST-1395"
"SO-11009","2022-11-15","P201","Mystic White Chocolate","173","CUST-1258"
"SO-11010","2023-10-24","P101","Magical Dark Chocolate","170","CUST-1469"
"SO-11011","2026-03-23","P102","Enchanted Milk Chocolate","31","CUST-1268"
"SO-11012","2022-11-05","P102","Enchanted Milk Chocolate","71","CUST-1415"
"SO-11013","2024-11-20","P102","Enchanted Milk Chocolate","131","CUST-1398"
"SO-11014","2025-12-10","P102","Enchanted Milk Chocolate","104","CUST-1214"
"SO-11015","2024-10-09","P102","Enchanted Milk Chocolate","66","CUST-1003"
"SO-11016","2024-06-11","P101","Magical Dark Chocolate","83","CUST-1112"
"SO-11017","2025-01-05","P201","Mystic White Chocolate","125","CUST-1433"
"SO-11018","2025-02-16","P101","Magical Dark Chocolate","29","CUST-1033"
"SO-11019","2024-11-15","P102","Enchanted Milk Chocolate","174","CUST-1187"
"SO-11020","2024-01-05","P101","Magical Dark Chocolate","69","CUST-1259"
"SO-11021","2023-02-28","P103","Golden Cocoa Truffles","170","CUST-1029"
"SO-11022","2025-03-11","P103","Golden Cocoa Truffles","110","CUST-1130"
"SO-11023","2025-09-08","P101","Magical Dark Chocolate","90","CUST-1382"
"SO-11024","2022-01-17","P101","Magical Dark Chocolate","151","CUST-1454"
"SO-11025","2024-12-11","P103","Golden Cocoa Truffles","146","CUST-1126"
"SO-11026","2026-01-22","P101","Magical Dark Chocolate","175","CUST-1338"
"SO-11027","2026-02-02","P103","Golden Cocoa Truffles","174","CUST-1207"
"SO-11028","2022-03-16","P102","Enchanted Milk Chocolate","199","CUST-1253"
"SO-11029","2025-01-03","P201","Mystic White Chocolate","62","CUST-1270"
"SO-11030","2023-05-17","P103","Golden Cocoa Truffles","117","CUST-1268"
"SO-11031","2022-04-04","P201","Mystic White Chocolate","31","CUST-1113"
"SO-11032","2023-04-24","P103","Golden Cocoa Truffles","97","CUST-1033"
"SO-11033","2024-07-23","P201","Mystic White Chocolate","81","CUST-1318"
"SO-11034","2026-09-14","P103","Golden Cocoa Truffles","118","CUST-1388"
"SO-11035","2025-02-26","P103","Golden Cocoa Truffles","80","CUST-1033"
"SO-11036","2026-02-14","P201","Mystic White Chocolate","137","CUST-1018"
"SO-11037","2025-08-27","P102","Enchanted Milk Chocolate","32","CUST-1054"
"SO-11038","2022-01-10","P103","Golden Cocoa Truffles","175","CUST-1431"
"SO-11039","2023-09-13","P101","Magical Dark Chocolate","173","CUST-1444"
"SO-11040","2022-05-02","P201","Mystic White Chocolate","78","CUST-1202"
"SO-11041","2022-02-16","P201","Mystic White Chocolate","132","CUST-1428"
"SO-11042","2023-12-29","P201","Mystic White Chocolate","61","CUST-1396"
"SO-11043","2025-09-30","P101","Magical Dark Chocolate","65","CUST-1051"
"SO-11044","2026-04-08","P102","Enchanted Milk Chocolate","88","CUST-1322"
"SO-11045","2022-12-02","P101","Magical Dark Chocolate","163","CUST-1044"
"SO-11046","2026-05-28","P101","Magical Dark Chocolate","172","CUST-1123"
"SO-11047","2022-01-05","P201","Mystic White Chocolate","157","CUST-1436"
"SO-11048","2023-04-02","P201","Mystic White Chocolate","182","CUST-1489"
"SO-11049","2023-05-22","P201","Mystic White Chocolate","118","CUST-1182"
"SO-11050","2024-06-19","P201","Mystic White Chocolate","187","CUST-1465"
"SO-11051","2024-08-29","P201","Mystic White Chocolate","172","CUST-1426"
"SO-11052","2023-07-23","P201","Mystic White Chocolate","95","CUST-1334"
"SO-11053","2026-03-09","P103","Golden Cocoa Truffles","125","CUST-1237"
"SO-11054","2023-08-31","P102","Enchanted Milk Chocolate","11","CUST-1473"
"SO-11055","2026-06-09","P201","Mystic White Chocolate","52","CUST-1236"
"SO-11056","2025-03-31","P103","Golden Cocoa Truffles","69","CUST-1062"
"SO-11057","2025-09-26","P103","Golden Cocoa Truffles","136","CUST-1487"
"SO-11058","2023-10-09","P201","Mystic White Chocolate","67","CUST-1124"
"SO-11059","2026-08-12","P103","Golden Cocoa Truffles","103","CUST-1351"
"SO-11060","2022-07-31","P101","Magical Dark Chocolate","144","CUST-1092"
"SO-11061","2022-10-31","P201","Mystic White Chocolate","135","CUST-1429"
"SO-11062","2025-07-26","P201","Mystic White Chocolate","60","CUST-1418"
"SO-11063","2023-11-16","P201","Mystic White Chocolate","150","CUST-1204"
"SO-11064","2026-04-20","P101","Magical Dark Chocolate","46","CUST-1349"
"SO-11065","2026-05-02","P201","Mystic White Chocolate","137","CUST-1167"
"SO-11066","2022-08-03","P101","Magical Dark Chocolate","45","CUST-1302"
"SO-11067","2025-04-06","P103","Golden Cocoa Truffles","110","CUST-1190"
"SO-11068","2023-02-21","P101","Magical Dark Chocolate","72","CUST-1210"
"SO-11069","2026-08-29","P103","Golden Cocoa Truffles","134","CUST-1405"
"SO-11070","2025-02-15","P103","Golden Cocoa Truffles","148","CUST-1037"
"SO-11071","2023-10-03","P103","Golden Cocoa Truffles","143","CUST-1052"
"SO-11072","2023-06-26","P103","Golden Cocoa Truffles","100","CUST-1500"
"SO-11073","2026-07-25","P201","Mystic White Chocolate","198","CUST-1115"
"SO-11074","2024-02-27","P102","Enchanted Milk Chocolate","92","CUST-1198"
"SO-11075","2024-10-16","P102","Enchanted Milk Chocolate","185","CUST-1110"
"SO-11076","2022-11-23","P103","Golden Cocoa Truffles","90","CUST-1143"
"SO-11077","2025-10-23","P201","Mystic White Chocolate","122","CUST-1265"
"SO-11078","2022-02-01","P102","Enchanted Milk Chocolate","199","CUST-1007"
"SO-11079","2023-12-10","P102","Enchanted Milk Chocolate","109","CUST-1403"
"SO-11080","2025-08-26","P103","Golden Cocoa Truffles","58","CUST-1224"
"SO-11081","2025-11-12","P101","Magical Dark Chocolate","23","CUST-1452"
"SO-11082","2025-06-04","P102","Enchanted Milk Chocolate","144","CUST-1479"
"SO-11083","2022-11-19","P201","Mystic White Chocolate","166","CUST-1355"
"SO-11084","2025-05-14","P103","Golden Cocoa Truffles","32","CUST-1371"
"SO-11085","2022-10-19","P103","Golden Cocoa Truffles","41","CUST-1389"
"SO-11086","2024-07-16","P102","Enchanted Milk Chocolate","177","CUST-1489"
"SO-11087","2025-02-07","P103","Golden Cocoa Truffles","70","CUST-1462"
"SO-11088","2025-10-01","P201","Mystic White Chocolate","85","CUST-1417"
"SO-11089","2025-08-13","P103","Golden Cocoa Truffles","32","CUST-1231"
"SO-11090","2025-01-31","P201","Mystic White Chocolate","48","CUST-1365"
"SO-11091","2026-08-27","P101","Magical Dark Chocolate","105","CUST-1020"
"SO-11092","2024-12-19","P103","Golden Cocoa Truffles","129","CUST-1217"
"SO-11093","2024-04-29","P201","Mystic White Chocolate","51","CUST-1152"
"SO-11094","2023-04-07","P101","Magical Dark Chocolate","105","CUST-1420"
"SO-11095","2022-03-06","P102","Enchanted Milk Chocolate","36","CUST-1289"
"SO-11096","2022-02-04","P201","Mystic White Chocolate","194","CUST-1117"
"SO-11097","2022-09-16","P103","Golden Cocoa Truffles","200","CUST-1480"
"SO-11098","2022-05-20","P201","Mystic White Chocolate","31","CUST-1075"
"SO-11099","2024-05-23","P101","Magical Dark Chocolate","86","CUST-1324"
"SO-11100","2022-12-23","P201","Mystic White Chocolate","28","CUST-1036"
"SO-11101","2024-08-19","P201","Mystic White Chocolate","106","CUST-1485"
"SO-11102","2024-01-09","P201","Mystic White Chocolate","28","CUST-1150"
"SO-11103","2025-09-07","P101","Magical Dark Chocolate","140","CUST-1167"
"SO-11104","2022-07-28","P101","Magical Dark Chocolate","103","CUST-1267"
"SO-11105","2024-09-15","P201","Mystic White Chocolate","112","CUST-1155"
"SO-11106","2026-05-06","P201","Mystic White Chocolate","93","CUST-1086"
"SO-11107","2024-01-11","P103","Golden Cocoa Truffles","85","CUST-1461"
"SO-11108","2024-09-04","P201","Mystic White Chocolate","200","CUST-1238"
"SO-11109","2023-03-25","P201","Mystic White Chocolate","184","CUST-1369"
"SO-11110","2023-12-19","P101","Magical Dark Chocolate","184","CUST-1357"
"SO-11111","2023-07-06","P103","Golden Cocoa Truffles","127","CUST-1355"
"SO-11112","2025-10-12","P103","Golden Cocoa Truffles","13","CUST-1063"
"SO-11113","2025-09-28","P102","Enchanted Milk Chocolate","109","CUST-1350"
"SO-11114","2026-05-07","P103","Golden Cocoa Truffles","130","CUST-1453"
"SO-11115","2023-05-14","P201","Mystic White Chocolate","68","CUST-1393"
"SO-11116","2022-02-18","P102","Enchanted Milk Chocolate","102","CUST-1092"
"SO-11117","2023-06-05","P101","Magical Dark Chocolate","131","CUST-1050"
"SO-11118","2026-03-07","P101","Magical Dark Chocolate","97","CUST-1020"
"SO-11119","2024-01-18","P101","Magical Dark Chocolate","184","CUST-1176"
"SO-11120","2023-11-12","P102","Enchanted Milk Chocolate","121","CUST-1223"
"SO-11121","2026-07-27","P101","Magical Dark Chocolate","62","CUST-1326"
"SO-11122","2026-06-10","P201","Mystic White Chocolate","160","CUST-1125"
"SO-11123","2023-04-05","P103","Golden Cocoa Truffles","106","CUST-1465"
"SO-11124","2026-04-30","P102","Enchanted Milk Chocolate","109","CUST-1182"
"SO-11125","2022-12-24","P101","Magical Dark Chocolate","98","CUST-1172"
"SO-11126","2023-02-09","P201","Mystic White Chocolate","117","CUST-1131"
"SO-11127","2022-03-01","P102","Enchanted Milk Chocolate","94","CUST-1279"
"SO-11128","2025-03-09","P101","Magical Dark Chocolate","34","CUST-1007"
"SO-11129","2026-08-14","P102","Enchanted Milk Chocolate","110","CUST-1364"
"SO-11130","2022-06-11","P201","Mystic White Chocolate","194","CUST-1151"
"SO-11131","2024-10-18","P101","Magical Dark Chocolate","152","CUST-1500"
"SO-11132","2023-11-28","P201","Mystic White Chocolate","133","CUST-1209"
"SO-11133","2023-10-16","P101","Magical Dark Chocolate","59","CUST-1105"
"SO-11134","2025-05-17","P201","Mystic White Chocolate","89","CUST-1135"
"SO-11135","2025-03-18","P102","Enchanted Milk Chocolate","157","CUST-1193"
"SO-11136","2025-10-27","P101","Magical Dark Chocolate","38","CUST-1197"
"SO-11137","2024-04-02","P101","Magical Dark Chocolate","141","CUST-1207"
"SO-11138","2024-05-18","P201","Mystic White Chocolate","51","CUST-1272"
"SO-11139","2024-10-14","P102","Enchanted Milk Chocolate","155","CUST-1464"
"SO-11140","2026-05-10","P103","Golden Cocoa Truffles","88","CUST-1082"
"SO-11141","2025-02-28","P103","Golden Cocoa Truffles","158","CUST-1368"
"SO-11142","2026-04-13","P201","Mystic White Chocolate","75","CUST-1446"
"SO-11143","2023-07-23","P102","Enchanted Milk Chocolate","73","CUST-1104"
"SO-11144","2024-02-18","P101","Magical Dark Chocolate","82","CUST-1334"
"SO-11145","2022-11-01","P103","Golden Cocoa Truffles","176","CUST-1090"
"SO-11146","2022-05-21","P102","Enchanted Milk Chocolate","12","CUST-1118"
"SO-11147","2022-04-22","P103","Golden Cocoa Truffles","151","CUST-1019"
"SO-11148","2022-03-12","P103","Golden Cocoa Truffles","130","CUST-1413"
"SO-11149","2022-07-20","P102","Enchanted Milk Chocolate","130","CUST-1075"
"SO-11150","2022-04-08","P201","Mystic White Chocolate","119","CUST-1296"
"SO-11151","2024-05-06","P201","Mystic White Chocolate","144","CUST-1320"
"SO-11152","2026-04-30","P102","Enchanted Milk Chocolate","10","CUST-1292"
"SO-11153","2022-12-20","P103","Golden Cocoa Truffles","20","CUST-1153"
"SO-11154","2022-05-12","P102","Enchanted Milk Chocolate","96","CUST-1362"
"SO-11155","2024-01-13","P102","Enchanted Milk Chocolate","124","CUST-1061"
"SO-11156","2024-08-08","P102","Enchanted Milk Chocolate","44","CUST-1498"
"SO-11157","2022-12-08","P103","Golden Cocoa Truffles","184","CUST-1241"
"SO-11158","2023-12-01","P103","Golden Cocoa Truffles","162","CUST-1489"
"SO-11159","2024-04-28","P102","Enchanted Milk Chocolate","81","CUST-1477"
"SO-11160","2023-07-01","P101","Magical Dark Chocolate","142","CUST-1143"
"SO-11161","2023-06-08","P101","Magical Dark Chocolate","143","CUST-1186"
"SO-11162","2024-03-01","P201","Mystic White Chocolate","86","CUST-1066"
"SO-11163","2022-11-29","P102","Enchanted Milk Chocolate","49","CUST-1386"
"SO-11164","2022-08-19","P102","Enchanted Milk Chocolate","166","CUST-1029"
"SO-11165","2023-09-02","P101","Magical Dark Chocolate","116","CUST-1357"
"SO-11166","2023-06-08","P201","Mystic White Chocolate","124","CUST-1163"
"SO-11167","2025-06-28","P201","Mystic White Chocolate","126","CUST-1372"
"SO-11168","2024-03-31","P201","Mystic White Chocolate","35","CUST-1162"
"SO-11169","2025-03-21","P103","Golden Cocoa Truffles","190","CUST-1315"
"SO-11170","2025-04-09","P103","Golden Cocoa Truffles","146","CUST-1390"
"SO-11171","2026-09-25","P201","Mystic White Chocolate","17","CUST-1406"
"SO-11172","2024-08-02","P103","Golden Cocoa Truffles","62","CUST-1431"
"SO-11173","2024-12-19","P101","Magical Dark Chocolate","165","CUST-1303"
"SO-11174","2023-10-05","P103","Golden Cocoa Truffles","143","CUST-1406"
"SO-11175","2026-06-05","P201","Mystic White Chocolate","55","CUST-1432"
"SO-11176","2023-04-02","P103","Golden Cocoa Truffles","22","CUST-1279"
"SO-11177","2025-03-15","P103","Golden Cocoa Truffles","87","CUST-1481"
"SO-11178","2026-06-01","P101","Magical Dark Chocolate","124","CUST-1082"
"SO-11179","2026-05-06","P102","Enchanted Milk Chocolate","85","CUST-1287"
"SO-11180","2023-05-02","P103","Golden Cocoa Truffles","38","CUST-1294"
"SO-11181","2024-11-02","P101","Magical Dark Chocolate","182","CUST-1424"
"SO-11182","2023-05-07","P102","Enchanted Milk Chocolate","12","CUST-1255"
"SO-11183","2023-01-29","P102","Enchanted Milk Chocolate","108","CUST-1057"
"SO-11184","2025-11-23","P201","Mystic White Chocolate","51","CUST-1293"
"SO-11185","2026-03-28","P201","Mystic White Chocolate","77","CUST-1414"
"SO-11186","2025-09-04","P101","Magical Dark Chocolate","106","CUST-1329"
"SO-11187","2024-11-04","P201","Mystic White Chocolate","78","CUST-1449"
"SO-11188","2024-11-14","P201","Mystic White Chocolate","195","CUST-1433"
"SO-11189","2024-07-12","P102","Enchanted Milk Chocolate","49","CUST-1364"
"SO-11190","2025-09-07","P102","Enchanted Milk Chocolate","120","CUST-1228"
"SO-11191","2025-12-24","P102","Enchanted Milk Chocolate","94","CUST-1026"
"SO-11192","2022-08-20","P102","Enchanted Milk Chocolate","155","CUST-1016"
"SO-11193","2023-05-23","P103","Golden Cocoa Truffles","16","CUST-1298"
"SO-11194","2025-08-08","P102","Enchanted Milk Chocolate","187","CUST-1284"
"SO-11195","2024-03-26","P102","Enchanted Milk Chocolate","93","CUST-1136"
"SO-11196","2022-04-21","P102","Enchanted Milk Chocolate","186","CUST-1172"
"SO-11197","2026-02-10","P101","Magical Dark Chocolate","49","CUST-1055"
"SO-11198","2026-06-16","P201","Mystic White Chocolate","112","CUST-1483"
"SO-11199","2022-07-21","P103","Golden Cocoa Truffles","126","CUST-1111"
"SO-11200","2024-07-16","P101","Magical Dark Chocolate","142","CUST-1231"
"SO-11201","2022-10-03","P102","Enchanted Milk Chocolate","81","CUST-1240"
"SO-11202","2023-02-22","P102","Enchanted Milk Chocolate","118","CUST-1488"
"SO-11203","2026-02-12","P201","Mystic White Chocolate","124","CUST-1247"
"SO-11204","2024-06-30","P103","Golden Cocoa Truffles","140","CUST-1407"
"SO-11205","2024-11-12","P102","Enchanted Milk Chocolate","190","CUST-1049"
"SO-11206","2022-03-08","P103","Golden Cocoa Truffles","186","CUST-1275"
"SO-11207","2026-02-10","P103","Golden Cocoa Truffles","147","CUST-1285"
"SO-11208","2024-04-03","P201","Mystic White Chocolate","187","CUST-1223"
"SO-11209","2026-01-28","P101","Magical Dark Chocolate","16","CUST-1252"
"SO-11210","2022-07-15","P101","Magical Dark Chocolate","18","CUST-1012"
"SO-11211","2024-05-19","P103","Golden Cocoa Truffles","120","CUST-1236"
"SO-11212","2023-07-03","P103","Golden Cocoa Truffles","34","CUST-1453"
"SO-11213","2025-09-12","P101","Magical Dark Chocolate","150","CUST-1352"
"SO-11214","2022-02-14","P102","Enchanted Milk Chocolate","94","CUST-1158"
"SO-11215","2026-07-30","P102","Enchanted Milk Chocolate","56","CUST-1300"
"SO-11216","2024-08-19","P103","Golden Cocoa Truffles","187","CUST-1001"
"SO-11217","2023-01-02","P103","Golden Cocoa Truffles","117","CUST-1051"
"SO-11218","2024-10-09","P102","Enchanted Milk Chocolate","183","CUST-1259"
"SO-11219","2024-01-19","P103","Golden Cocoa Truffles","66","CUST-1005"
"SO-11220","2025-08-04","P101","Magical Dark Chocolate","133","CUST-1073"
"SO-11221","2025-12-17","P102","Enchanted Milk Chocolate","39","CUST-1187"
"SO-11222","2023-01-28","P201","Mystic White Chocolate","92","CUST-1205"
"SO-11223","2023-12-12","P201","Mystic White Chocolate","146","CUST-1023"
"SO-11224","2024-02-03","P201","Mystic White Chocolate","44","CUST-1148"
"SO-11225","2024-03-23","P101","Magical Dark Chocolate","69","CUST-1043"
"SO-11226","2025-06-13","P101","Magical Dark Chocolate","149","CUST-1042"
"SO-11227","2024-06-04","P101","Magical Dark Chocolate","24","CUST-1367"
"SO-11228","2025-03-03","P101","Magical Dark Chocolate","50","CUST-1147"
"SO-11229","2023-06-29","P101","Magical Dark Chocolate","77","CUST-1147"
"SO-11230","2024-05-20","P103","Golden Cocoa Truffles","47","CUST-1075"
"SO-11231","2022-06-23","P101","Magical Dark Chocolate","185","CUST-1116"
"SO-11232","2023-07-24","P101","Magical Dark Chocolate","169","CUST-1214"
"SO-11233","2024-03-21","P103","Golden Cocoa Truffles","152","CUST-1029"
"SO-11234","2022-11-03","P102","Enchanted Milk Chocolate","124","CUST-1257"
"SO-11235","2024-03-12","P101","Magical Dark Chocolate","123","CUST-1241"
"SO-11236","2024-12-24","P201","Mystic White Chocolate","87","CUST-1063"
"SO-11237","2024-04-29","P201","Mystic White Chocolate","13","CUST-1284"
"SO-11238","2025-03-17","P102","Enchanted Milk Chocolate","166","CUST-1351"
"SO-11239","2025-11-06","P103","Golden Cocoa Truffles","148","CUST-1350"
"SO-11240","2022-05-02","P201","Mystic White Chocolate","131","CUST-1191"
"SO-11241","2025-07-11","P201","Mystic White Chocolate","129","CUST-1014"
"SO-11242","2024-04-01","P201","Mystic White Chocolate","106","CUST-1248"
"SO-11243","2024-05-30","P201","Mystic White Chocolate","111","CUST-1300"
"SO-11244","2022-03-29","P102","Enchanted Milk Chocolate","128","CUST-1344"
"SO-11245","2022-09-19","P101","Magical Dark Chocolate","150","CUST-1340"
"SO-11246","2025-02-10","P101","Magical Dark Chocolate","90","CUST-1119"
"SO-11247","2023-06-02","P102","Enchanted Milk Chocolate","160","CUST-1018"
"SO-11248","2025-04-21","P102","Enchanted Milk Chocolate","110","CUST-1061"
"SO-11249","2025-03-12","P201","Mystic White Chocolate","182","CUST-1006"
"SO-11250","2022-05-21","P103","Golden Cocoa Truffles","126","CUST-1150"
"SO-11251","2022-10-30","P101","Magical Dark Chocolate","54","CUST-1130"
"SO-11252","2023-07-02","P102","Enchanted Milk Chocolate","51","CUST-1035"
"SO-11253","2026-09-03","P103","Golden Cocoa Truffles","99","CUST-1080"
"SO-11254","2025-01-21","P102","Enchanted Milk Chocolate","155","CUST-1431"
"SO-11255","2022-11-22","P102","Enchanted Milk Chocolate","57","CUST-1236"
"SO-11256","2024-01-07","P102","Enchanted Milk Chocolate","10","CUST-1185"
"SO-11257","2026-01-09","P103","Golden Cocoa Truffles","93","CUST-1041"
"SO-11258","2024-01-19","P102","Enchanted Milk Chocolate","32","CUST-1091"
"SO-11259","2026-06-19","P102","Enchanted Milk Chocolate","110","CUST-1385"
"SO-11260","2023-08-08","P101","Magical Dark Chocolate","78","CUST-1314"
"SO-11261","2025-08-19","P103","Golden Cocoa Truffles","68","CUST-1011"
"SO-11262","2024-09-18","P102","Enchanted Milk Chocolate","186","CUST-1161"
"SO-11263","2025-11-23","P103","Golden Cocoa Truffles","182","CUST-1450"
"SO-11264","2025-12-13","P201","Mystic White Chocolate","35","CUST-1020"
"SO-11265","2025-02-06","P201","Mystic White Chocolate","55","CUST-1418"
"SO-11266","2025-03-01","P101","Magical Dark Chocolate","160","CUST-1258"
"SO-11267","2024-07-11","P103","Golden Cocoa Truffles","151","CUST-1080"
"SO-11268","2026-09-24","P102","Enchanted Milk Chocolate","77","CUST-1192"
"SO-11269","2023-07-05","P102","Enchanted Milk Chocolate","112","CUST-1327"
"SO-11270","2026-07-08","P201","Mystic White Chocolate","126","CUST-1446"
"SO-11271","2026-07-28","P101","Magical Dark Chocolate","10","CUST-1015"
"SO-11272","2024-09-25","P103","Golden Cocoa Truffles","118","CUST-1410"
"SO-11273","2022-05-07","P101","Magical Dark Chocolate","155","CUST-1263"
"SO-11274","2023-09-12","P102","Enchanted Milk Chocolate","158","CUST-1493"
"SO-11275","2026-06-10","P201","Mystic White Chocolate","92","CUST-1353"
"SO-11276","2023-12-30","P101","Magical Dark Chocolate","71","CUST-1378"
"SO-11277","2026-01-26","P201","Mystic White Chocolate","133","CUST-1071"
"SO-11278","2025-07-01","P103","Golden Cocoa Truffles","16","CUST-1216"
"SO-11279","2023-10-06","P103","Golden Cocoa Truffles","96","CUST-1080"
"SO-11280","2025-03-25","P101","Magical Dark Chocolate","130","CUST-1160"
"SO-11281","2026-03-15","P103","Golden Cocoa Truffles","79","CUST-1159"
"SO-11282","2025-01-08","P101","Magical Dark Chocolate","114","CUST-1244"
"SO-11283","2024-06-22","P102","Enchanted Milk Chocolate","11","CUST-1494"
"SO-11284","2024-01-15","P201","Mystic White Chocolate","150","CUST-1450"
"SO-11285","2022-03-08","P102","Enchanted Milk Chocolate","81","CUST-1183"
"SO-11286","2022-08-20","P201","Mystic White Chocolate","77","CUST-1160"
"SO-11287","2026-05-16","P102","Enchanted Milk Chocolate","121","CUST-1110"
"SO-11288","2024-01-13","P103","Golden Cocoa Truffles","72","CUST-1098"
"SO-11289","2023-02-10","P101","Magical Dark Chocolate","31","CUST-1240"
"SO-11290","2022-08-09","P102","Enchanted Milk Chocolate","33","CUST-1123"
"SO-11291","2024-12-12","P101","Magical Dark Chocolate","167","CUST-1292"
"SO-11292","2023-02-21","P101","Magical Dark Chocolate","121","CUST-1142"
"SO-11293","2023-02-16","P103","Golden Cocoa Truffles","16","CUST-1252"
"SO-11294","2025-05-26","P101","Magical Dark Chocolate","189","CUST-1279"
"SO-11295","2025-06-03","P101","Magical Dark Chocolate","162","CUST-1249"
"SO-11296","2022-12-15","P101","Magical Dark Chocolate","14","CUST-1468"
"SO-11297","2022-09-21","P101","Magical Dark Chocolate","98","CUST-1461"
"SO-11298","2026-09-08","P103","Golden Cocoa Truffles","197","CUST-1468"
"SO-11299","2024-08-30","P102","Enchanted Milk Chocolate","87","CUST-1022"
"SO-11300","2025-11-12","P102","Enchanted Milk Chocolate","169","CUST-1124"
"SO-11301","2024-04-17","P102","Enchanted Milk Chocolate","117","CUST-1458"
"SO-11302","2025-10-17","P103","Golden Cocoa Truffles","114","CUST-1248"
"SO-11303","2022-01-09","P101","Magical Dark Chocolate","118","CUST-1117"
"SO-11304","2025-09-23","P103","Golden Cocoa Truffles","146","CUST-1258"
"SO-11305","2024-12-10","P101","Magical Dark Chocolate","98","CUST-1196"
"SO-11306","2025-12-20","P102","Enchanted Milk Chocolate","55","CUST-1392"
"SO-11307","2026-05-11","P103","Golden Cocoa Truffles","39","CUST-1200"
"SO-11308","2022-08-03","P101","Magical Dark Chocolate","43","CUST-1419"
"SO-11309","2026-04-14","P201","Mystic White Chocolate","197","CUST-1221"
"SO-11310","2022-06-10","P201","Mystic White Chocolate","115","CUST-1227"
"SO-11311","2025-01-30","P201","Mystic White Chocolate","196","CUST-1194"
"SO-11312","2023-01-12","P101","Magical Dark Chocolate","86","CUST-1171"
"SO-11313","2026-02-10","P103","Golden Cocoa Truffles","50","CUST-1128"
"SO-11314","2026-03-02","P103","Golden Cocoa Truffles","19","CUST-1489"
"SO-11315","2023-04-11","P103","Golden Cocoa Truffles","128","CUST-1073"
"SO-11316","2025-05-28","P102","Enchanted Milk Chocolate","47","CUST-1373"
"SO-11317","2022-04-17","P201","Mystic White Chocolate","196","CUST-1109"
"SO-11318","2022-03-12","P101","Magical Dark Chocolate","146","CUST-1349"
"SO-11319","2025-09-25","P101","Magical Dark Chocolate","45","CUST-1280"
"SO-11320","2022-11-05","P101","Magical Dark Chocolate","170","CUST-1111"
"SO-11321","2024-11-29","P103","Golden Cocoa Truffles","137","CUST-1337"
"SO-11322","2022-06-22","P201","Mystic White Chocolate","192","CUST-1051"
"SO-11323","2024-08-30","P201","Mystic White Chocolate","160","CUST-1133"
"SO-11324","2023-07-24","P201","Mystic White Chocolate","26","CUST-1215"
"SO-11325","2026-07-04","P201","Mystic White Chocolate","113","CUST-1031"
"SO-11326","2025-09-05","P102","Enchanted Milk Chocolate","16","CUST-1186"
"SO-11327","2025-07-28","P103","Golden Cocoa Truffles","190","CUST-1297"
"SO-11328","2024-05-10","P102","Enchanted Milk Chocolate","180","CUST-1421"
"SO-11329","2024-09-27","P102","Enchanted Milk Chocolate","71","CUST-1096"
"SO-11330","2022-02-04","P101","Magical Dark Chocolate","190","CUST-1441"
"SO-11331","2026-02-21","P103","Golden Cocoa Truffles","192","CUST-1331"
"SO-11332","2023-12-22","P103","Golden Cocoa Truffles","194","CUST-1384"
"SO-11333","2024-04-02","P102","Enchanted Milk Chocolate","18","CUST-1471"
"SO-11334","2023-02-25","P101","Magical Dark Chocolate","22","CUST-1007"
"SO-11335","2023-10-20","P102","Enchanted Milk Chocolate","135","CUST-1022"
"SO-11336","2022-12-24","P101","Magical Dark Chocolate","77","CUST-1166"
"SO-11337","2026-01-11","P102","Enchanted Milk Chocolate","106","CUST-1032"
"SO-11338","2025-05-11","P102","Enchanted Milk Chocolate","155","CUST-1210"
"SO-11339","2024-03-01","P102","Enchanted Milk Chocolate","172","CUST-1429"
"SO-11340","2026-04-20","P102","Enchanted Milk Chocolate","55","CUST-1222"
"SO-11341","2022-12-28","P201","Mystic White Chocolate","137","CUST-1067"
"SO-11342","2024-08-27","P102","Enchanted Milk Chocolate","132","CUST-1318"
"SO-11343","2022-06-05","P101","Magical Dark Chocolate","51","CUST-1232"
"SO-11344","2022-05-24","P103","Golden Cocoa Truffles","161","CUST-1169"
"SO-11345","2023-09-07","P103","Golden Cocoa Truffles","85","CUST-1364"
"SO-11346","2023-12-22","P101","Magical Dark Chocolate","107","CUST-1246"
"SO-11347","2022-02-05","P103","Golden Cocoa Truffles","150","CUST-1467"
"SO-11348","2025-05-26","P103","Golden Cocoa Truffles","54","CUST-1234"
"SO-11349","2023-11-13","P102","Enchanted Milk Chocolate","102","CUST-1099"
"SO-11350","2025-04-26","P102","Enchanted Milk Chocolate","39","CUST-1475"
"SO-11351","2026-05-19","P201","Mystic White Chocolate","104","CUST-1178"
"SO-11352","2022-06-29","P103","Golden Cocoa Truffles","169","CUST-1004"
"SO-11353","2025-10-13","P101","Magical Dark Chocolate","118","CUST-1240"
"SO-11354","2024-07-02","P103","Golden Cocoa Truffles","194","CUST-1363"
"SO-11355","2023-04-05","P201","Mystic White Chocolate","27","CUST-1414"
"SO-11356","2024-06-22","P201","Mystic White Chocolate","16","CUST-1482"
"SO-11357","2024-06-05","P101","Magical Dark Chocolate","117","CUST-1217"
"SO-11358","2026-02-04","P102","Enchanted Milk Chocolate","126","CUST-1311"
"SO-11359","2026-03-25","P102","Enchanted Milk Chocolate","83","CUST-1102"
"SO-11360","2023-02-23","P201","Mystic White Chocolate","110","CUST-1188"
"SO-11361","2025-08-13","P102","Enchanted Milk Chocolate","91","CUST-1472"
"SO-11362","2022-04-10","P102","Enchanted Milk Chocolate","124","CUST-1487"
"SO-11363","2022-08-12","P101","Magical Dark Chocolate","28","CUST-1188"
"SO-11364","2026-05-11","P101","Magical Dark Chocolate","159","CUST-1168"
"SO-11365","2026-01-19","P102","Enchanted Milk Chocolate","27","CUST-1373"
"SO-11366","2022-04-26","P102","Enchanted Milk Chocolate","114","CUST-1166"
"SO-11367","2025-10-21","P102","Enchanted Milk Chocolate","185","CUST-1465"
"SO-11368","2022-01-19","P102","Enchanted Milk Chocolate","115","CUST-1310"
"SO-11369","2025-02-12","P101","Magical Dark Chocolate","98","CUST-1439"
"SO-11370","2023-07-08","P103","Golden Cocoa Truffles","131","CUST-1457"
"SO-11371","2026-01-30","P103","Golden Cocoa Truffles","17","CUST-1112"
"SO-11372","2026-03-17","P103","Golden Cocoa Truffles","168","CUST-1466"
"SO-11373","2026-06-14","P201","Mystic White Chocolate","141","CUST-1370"
"SO-11374","2026-04-15","P201","Mystic White Chocolate","105","CUST-1292"
"SO-11375","2024-08-11","P103","Golden Cocoa Truffles","40","CUST-1432"
"SO-11376","2025-02-10","P103","Golden Cocoa Truffles","37","CUST-1306"
"SO-11377","2026-04-20","P103","Golden Cocoa Truffles","135","CUST-1468"
"SO-11378","2023-12-14","P101","Magical Dark Chocolate","196","CUST-1209"
"SO-11379","2025-08-05","P101","Magical Dark Chocolate","57","CUST-1231"
"SO-11380","2022-04-19","P101","Magical Dark Chocolate","169","CUST-1192"
"SO-11381","2026-07-31","P201","Mystic White Chocolate","134","CUST-1097"
"SO-11382","2022-08-28","P102","Enchanted Milk Chocolate","115","CUST-1353"
"SO-11383","2023-01-01","P102","Enchanted Milk Chocolate","30","CUST-1015"
"SO-11384","2022-05-18","P101","Magical Dark Chocolate","93","CUST-1161"
"SO-11385","2024-05-12","P102","Enchanted Milk Chocolate","155","CUST-1114"
"SO-11386","2023-11-14","P102","Enchanted Milk Chocolate","26","CUST-1468"
"SO-11387","2023-12-01","P103","Golden Cocoa Truffles","117","CUST-1359"
"SO-11388","2026-04-13","P102","Enchanted Milk Chocolate","81","CUST-1408"
"SO-11389","2024-11-10","P101","Magical Dark Chocolate","148","CUST-1269"
"SO-11390","2025-04-16","P103","Golden Cocoa Truffles","142","CUST-1493"
"SO-11391","2023-03-31","P102","Enchanted Milk Chocolate","71","CUST-1488"
"SO-11392","2022-12-23","P102","Enchanted Milk Chocolate","130","CUST-1067"
"SO-11393","2026-04-15","P102","Enchanted Milk Chocolate","192","CUST-1371"
"SO-11394","2025-09-09","P101","Magical Dark Chocolate","15","CUST-1017"
"SO-11395","2022-03-23","P102","Enchanted Milk Chocolate","149","CUST-1374"
"SO-11396","2022-11-17","P103","Golden Cocoa Truffles","90","CUST-1350"
"SO-11397","2025-02-24","P101","Magical Dark Chocolate","79","CUST-1018"
"SO-11398","2023-07-31","P101","Magical Dark Chocolate","23","CUST-1158"
"SO-11399","2024-05-07","P102","Enchanted Milk Chocolate","150","CUST-1148"
"SO-11400","2024-08-15","P201","Mystic White Chocolate","24","CUST-1146"
"SO-11401","2023-05-05","P103","Golden Cocoa Truffles","70","CUST-1057"
"SO-11402","2025-08-23","P101","Magical Dark Chocolate","173","CUST-1080"
"SO-11403","2023-10-07","P102","Enchanted Milk Chocolate","193","CUST-1221"
"SO-11404","2026-04-05","P201","Mystic White Chocolate","183","CUST-1137"
"SO-11405","2024-07-01","P201","Mystic White Chocolate","64","CUST-1429"
"SO-11406","2024-12-01","P201","Mystic White Chocolate","13","CUST-1257"
"SO-11407","2022-11-02","P101","Magical Dark Chocolate","182","CUST-1305"
"SO-11408","2023-09-25","P201","Mystic White Chocolate","24","CUST-1239"
"SO-11409","2022-06-30","P201","Mystic White Chocolate","141","CUST-1388"
"SO-11410","2022-09-01","P201","Mystic White Chocolate","73","CUST-1485"
"SO-11411","2026-08-12","P201","Mystic White Chocolate","95","CUST-1390"
"SO-11412","2024-12-11","P201","Mystic White Chocolate","57","CUST-1455"
"SO-11413","2025-06-19","P103","Golden Cocoa Truffles","175","CUST-1306"
"SO-11414","2026-02-05","P102","Enchanted Milk Chocolate","75","CUST-1434"
"SO-11415","2022-01-19","P102","Enchanted Milk Chocolate","32","CUST-1011"
"SO-11416","2023-10-10","P103","Golden Cocoa Truffles","93","CUST-1320"
"SO-11417","2025-04-05","P101","Magical Dark Chocolate","10","CUST-1422"
"SO-11418","2022-07-11","P201","Mystic White Chocolate","199","CUST-1317"
"SO-11419","2024-04-08","P101","Magical Dark Chocolate","93","CUST-1490"
"SO-11420","2024-03-30","P103","Golden Cocoa Truffles","70","CUST-1080"
"SO-11421","2025-07-06","P103","Golden Cocoa Truffles","34","CUST-1380"
"SO-11422","2022-05-30","P101","Magical Dark Chocolate","111","CUST-1150"
"SO-11423","2023-10-27","P201","Mystic White Chocolate","27","CUST-1040"
"SO-11424","2024-10-05","P201","Mystic White Chocolate","129","CUST-1030"
"SO-11425","2023-02-06","P101","Magical Dark Chocolate","98","CUST-1458"
"SO-11426","2026-06-24","P103","Golden Cocoa Truffles","96","CUST-1159"
"SO-11427","2025-06-18","P102","Enchanted Milk Chocolate","154","CUST-1286"
"SO-11428","2023-04-13","P101","Magical Dark Chocolate","97","CUST-1437"
"SO-11429","2025-01-27","P103","Golden Cocoa Truffles","12","CUST-1199"
"SO-11430","2022-06-13","P201","Mystic White Chocolate","69","CUST-1171"
"SO-11431","2026-08-20","P103","Golden Cocoa Truffles","25","CUST-1159"
"SO-11432","2023-07-22","P102","Enchanted Milk Chocolate","104","CUST-1120"
"SO-11433","2025-04-25","P201","Mystic White Chocolate","105","CUST-1333"
"SO-11434","2022-03-27","P201","Mystic White Chocolate","28","CUST-1225"
"SO-11435","2022-06-22","P103","Golden Cocoa Truffles","69","CUST-1473"
"SO-11436","2026-02-18","P103","Golden Cocoa Truffles","51","CUST-1231"
"SO-11437","2022-07-28","P103","Golden Cocoa Truffles","184","CUST-1092"
"SO-11438","2025-01-29","P101","Magical Dark Chocolate","67","CUST-1175"
"SO-11439","2024-03-22","P101","Magical Dark Chocolate","119","CUST-1298"
"SO-11440","2026-07-31","P101","Magical Dark Chocolate","73","CUST-1407"
"SO-11441","2026-07-30","P103","Golden Cocoa Truffles","153","CUST-1326"
"SO-11442","2024-09-03","P201","Mystic White Chocolate","30","CUST-1421"
"SO-11443","2022-03-03","P201","Mystic White Chocolate","176","CUST-1061"
"SO-11444","2024-09-25","P101","Magical Dark Chocolate","158","CUST-1269"
"SO-11445","2025-11-12","P101","Magical Dark Chocolate","34","CUST-1352"
"SO-11446","2026-01-08","P201","Mystic White Chocolate","124","CUST-1234"
"SO-11447","2026-02-21","P103","Golden Cocoa Truffles","99","CUST-1142"
"SO-11448","2025-04-09","P201","Mystic White Chocolate","134","CUST-1142"
"SO-11449","2025-03-10","P102","Enchanted Milk Chocolate","181","CUST-1276"
"SO-11450","2022-04-19","P201","Mystic White Chocolate","95","CUST-1225"
"SO-11451","2025-06-25","P103","Golden Cocoa Truffles","139","CUST-1500"
"SO-11452","2024-10-26","P201","Mystic White Chocolate","18","CUST-1461"
"SO-11453","2024-11-18","P201","Mystic White Chocolate","191","CUST-1268"
"SO-11454","2025-11-16","P103","Golden Cocoa Truffles","161","CUST-1045"
"SO-11455","2026-01-31","P103","Golden Cocoa Truffles","82","CUST-1326"
"SO-11456","2025-09-05","P201","Mystic White Chocolate","136","CUST-1418"
"SO-11457","2026-03-09","P101","Magical Dark Chocolate","20","CUST-1280"
"SO-11458","2026-07-21","P103","Golden Cocoa Truffles","81","CUST-1048"
"SO-11459","2026-02-11","P102","Enchanted Milk Chocolate","117","CUST-1334"
"SO-11460","2023-09-21","P103","Golden Cocoa Truffles","65","CUST-1501"
"SO-11461","2022-05-02","P201","Mystic White Chocolate","69","CUST-1379"
"SO-11462","2022-01-20","P201","Mystic White Chocolate","66","CUST-1322"
"SO-11463","2026-05-27","P102","Enchanted Milk Chocolate","196","CUST-1346"
"SO-11464","2023-04-15","P103","Golden Cocoa Truffles","30","CUST-1253"
"SO-11465","2024-10-13","P201","Mystic White Chocolate","143","CUST-1303"
"SO-11466","2022-06-23","P201","Mystic White Chocolate","49","CUST-1017"
"SO-11467","2022-05-06","P101","Magical Dark Chocolate","103","CUST-1083"
"SO-11468","2024-06-24","P201","Mystic White Chocolate","60","CUST-1032"
"SO-11469","2026-01-29","P101","Magical Dark Chocolate","199","CUST-1482"
"SO-11470","2024-10-20","P201","Mystic White Chocolate","44","CUST-1067"
"SO-11471","2022-12-11","P101","Magical Dark Chocolate","142","CUST-1057"
"SO-11472","2024-10-24","P201","Mystic White Chocolate","135","CUST-1227"
"SO-11473","2022-02-21","P101","Magical Dark Chocolate","83","CUST-1337"
"SO-11474","2025-01-31","P101","Magical Dark Chocolate","156","CUST-1130"
"SO-11475","2025-05-01","P101","Magical Dark Chocolate","79","CUST-1038"
"SO-11476","2024-11-06","P102","Enchanted Milk Chocolate","189","CUST-1266"
"SO-11477","2022-02-13","P102","Enchanted Milk Chocolate","131","CUST-1367"
"SO-11478","2025-06-16","P101","Magical Dark Chocolate","65","CUST-1386"
"SO-11479","2025-10-11","P103","Golden Cocoa Truffles","184","CUST-1140"
"SO-11480","2022-12-04","P102","Enchanted Milk Chocolate","10","CUST-1243"
"SO-11481","2022-03-27","P201","Mystic White Chocolate","119","CUST-1291"
"SO-11482","2026-08-09","P102","Enchanted Milk Chocolate","57","CUST-1366"
"SO-11483","2022-12-04","P102","Enchanted Milk Chocolate","111","CUST-1391"
"SO-11484","2024-01-20","P103","Golden Cocoa Truffles","192","CUST-1185"
"SO-11485","2023-06-22","P103","Golden Cocoa Truffles","70","CUST-1449"
"SO-11486","2026-09-20","P101","Magical Dark Chocolate","175","CUST-1116"
"SO-11487","2023-10-31","P201","Mystic White Chocolate","45","CUST-1362"
"SO-11488","2022-12-09","P102","Enchanted Milk Chocolate","172","CUST-1388"
"SO-11489","2024-08-07","P101","Magical Dark Chocolate","184","CUST-1100"
"SO-11490","2022-04-30","P103","Golden Cocoa Truffles","170","CUST-1212"
"SO-11491","2026-08-21","P201","Mystic White Chocolate","188","CUST-1254"
"SO-11492","2022-09-22","P201","Mystic White Chocolate","93","CUST-1457"
"SO-11493","2026-01-02","P103","Golden Cocoa Truffles","51","CUST-1157"
"SO-11494","2025-10-18","P102","Enchanted Milk Chocolate","63","CUST-1463"
"SO-11495","2022-05-27","P103","Golden Cocoa Truffles","169","CUST-1030"
"SO-11496","2025-12-21","P102","Enchanted Milk Chocolate","189","CUST-1277"
"SO-11497","2022-07-08","P201","Mystic White Chocolate","49","CUST-1136"
"SO-11498","2026-07-02","P103","Golden Cocoa Truffles","118","CUST-1026"
"SO-11499","2022-07-20","P201","Mystic White Chocolate","45","CUST-1041"
"SO-11500","2024-07-18","P102","Enchanted Milk Chocolate","185","CUST-1219"
"SO-11501","2025-08-29","P201","Mystic White Chocolate","47","CUST-1467"
"SO-11502","2025-06-15","P103","Golden Cocoa Truffles","35","CUST-1202"
"SO-11503","2022-08-09","P102","Enchanted Milk Chocolate","123","CUST-1270"
"SO-11504","2024-11-29","P101","Magical Dark Chocolate","59","CUST-1236"
"SO-11505","2025-07-30","P103","Golden Cocoa Truffles","85","CUST-1331"
"SO-11506","2024-09-02","P201","Mystic White Chocolate","44","CUST-1395"
"SO-11507","2023-06-18","P103","Golden Cocoa Truffles","103","CUST-1153"
"SO-11508","2022-05-21","P201","Mystic White Chocolate","22","CUST-1287"
"SO-11509","2025-05-19","P201","Mystic White Chocolate","76","CUST-1085"
"SO-11510","2024-06-04","P101","Magical Dark Chocolate","74","CUST-1381"
"SO-11511","2026-05-04","P103","Golden Cocoa Truffles","79","CUST-1501"
"SO-11512","2022-11-13","P201","Mystic White Chocolate","76","CUST-1257"
"SO-11513","2026-04-12","P201","Mystic White Chocolate","84","CUST-1365"
"SO-11514","2025-09-13","P101","Magical Dark Chocolate","35","CUST-1377"
"SO-11515","2024-05-16","P201","Mystic White Chocolate","51","CUST-1092"
"SO-11516","2025-07-15","P103","Golden Cocoa Truffles","76","CUST-1251"
"SO-11517","2023-02-19","P103","Golden Cocoa Truffles","67","CUST-1417"
"SO-11518","2022-04-30","P201","Mystic White Chocolate","35","CUST-1016"
"SO-11519","2024-03-01","P102","Enchanted Milk Chocolate","140","CUST-1409"
"SO-11520","2024-12-21","P103","Golden Cocoa Truffles","154","CUST-1130"
"SO-11521","2023-12-23","P101","Magical Dark Chocolate","182","CUST-1209"
"SO-11522","2025-08-19","P103","Golden Cocoa Truffles","129","CUST-1425"
"SO-11523","2023-07-28","P103","Golden Cocoa Truffles","49","CUST-1432"
"SO-11524","2025-01-14","P101","Magical Dark Chocolate","176","CUST-1207"
"SO-11525","2022-05-30","P101","Magical Dark Chocolate","154","CUST-1234"
"SO-11526","2023-07-21","P103","Golden Cocoa Truffles","92","CUST-1479"
"SO-11527","2023-01-25","P201","Mystic White Chocolate","167","CUST-1427"
"SO-11528","2024-12-17","P101","Magical Dark Chocolate","127","CUST-1401"
"SO-11529","2025-09-27","P103","Golden Cocoa Truffles","88","CUST-1380"
"SO-11530","2023-09-30","P103","Golden Cocoa Truffles","19","CUST-1203"
"SO-11531","2022-04-13","P101","Magical Dark Chocolate","196","CUST-1002"
"SO-11532","2022-05-29","P103","Golden Cocoa Truffles","36","CUST-1476"
"SO-11533","2026-03-24","P103","Golden Cocoa Truffles","157","CUST-1423"
"SO-11534","2022-07-04","P103","Golden Cocoa Truffles","77","CUST-1387"
"SO-11535","2024-04-01","P201","Mystic White Chocolate","83","CUST-1446"
"SO-11536","2025-07-06","P103","Golden Cocoa Truffles","62","CUST-1353"
"SO-11537","2024-09-15","P102","Enchanted Milk Chocolate","121","CUST-1401"
"SO-11538","2025-02-09","P102","Enchanted Milk Chocolate","184","CUST-1010"
"SO-11539","2026-01-17","P201","Mystic White Chocolate","117","CUST-1095"
"SO-11540","2022-06-21","P103","Golden Cocoa Truffles","57","CUST-1109"
"SO-11541","2024-06-17","P201","Mystic White Chocolate","88","CUST-1209"
"SO-11542","2025-03-10","P201","Mystic White Chocolate","82","CUST-1248"
"SO-11543","2023-12-03","P201","Mystic White Chocolate","33","CUST-1324"
"SO-11544","2023-12-13","P102","Enchanted Milk Chocolate","178","CUST-1491"
"SO-11545","2026-05-14","P103","Golden Cocoa Truffles","86","CUST-1256"
"SO-11546","2022-04-30","P201","Mystic White Chocolate","56","CUST-1350"
"SO-11547","2025-08-03","P201","Mystic White Chocolate","130","CUST-1391"
"SO-11548","2026-07-28","P103","Golden Cocoa Truffles","31","CUST-1472"
"SO-11549","2024-06-03","P101","Magical Dark Chocolate","44","CUST-1277"
"SO-11550","2022-05-02","P103","Golden Cocoa Truffles","192","CUST-1204"
"SO-11551","2025-11-25","P201","Mystic White Chocolate","78","CUST-1297"
"SO-11552","2026-06-15","P101","Magical Dark Chocolate","71","CUST-1331"
"SO-11553","2022-05-31","P201","Mystic White Chocolate","136","CUST-1062"
"SO-11554","2023-09-07","P103","Golden Cocoa Truffles","43","CUST-1021"
"SO-11555","2024-12-24","P101","Magical Dark Chocolate","151","CUST-1069"
"SO-11556","2026-01-27","P102","Enchanted Milk Chocolate","197","CUST-1068"
"SO-11557","2023-11-09","P102","Enchanted Milk Chocolate","78","CUST-1185"
"SO-11558","2024-07-05","P101","Magical Dark Chocolate","77","CUST-1095"
"SO-11559","2024-02-07","P101","Magical Dark Chocolate","178","CUST-1405"
"SO-11560","2024-12-11","P101","Magical Dark Chocolate","140","CUST-1026"
"SO-11561","2022-04-08","P102","Enchanted Milk Chocolate","183","CUST-1469"
"SO-11562","2024-03-20","P102","Enchanted Milk Chocolate","182","CUST-1226"
"SO-11563","2026-06-04","P103","Golden Cocoa Truffles","16","CUST-1142"
"SO-11564","2024-10-16","P103","Golden Cocoa Truffles","105","CUST-1264"
"SO-11565","2023-05-10","P103","Golden Cocoa Truffles","53","CUST-1287"
"SO-11566","2026-03-09","P103","Golden Cocoa Truffles","196","CUST-1287"
"SO-11567","2022-01-06","P102","Enchanted Milk Chocolate","89","CUST-1096"
"SO-11568","2026-07-25","P103","Golden Cocoa Truffles","28","CUST-1416"
"SO-11569","2025-12-04","P103","Golden Cocoa Truffles","113","CUST-1022"
"SO-11570","2024-04-02","P103","Golden Cocoa Truffles","111","CUST-1346"
"SO-11571","2023-03-18","P102","Enchanted Milk Chocolate","54","CUST-1202"
"SO-11572","2024-07-19","P201","Mystic White Chocolate","20","CUST-1221"
"SO-11573","2024-02-03","P103","Golden Cocoa Truffles","26","CUST-1043"
"SO-11574","2025-09-01","P102","Enchanted Milk Chocolate","195","CUST-1334"
"SO-11575","2023-11-18","P101","Magical Dark Chocolate","81","CUST-1077"
"SO-11576","2024-09-12","P201","Mystic White Chocolate","62","CUST-1365"
"SO-11577","2026-01-01","P103","Golden Cocoa Truffles","51","CUST-1115"
"SO-11578","2022-11-11","P101","Magical Dark Chocolate","61","CUST-1282"
"SO-11579","2025-07-03","P201","Mystic White Chocolate","47","CUST-1274"
"SO-11580","2022-01-16","P101","Magical Dark Chocolate","82","CUST-1258"
"SO-11581","2024-01-17","P101","Magical Dark Chocolate","87","CUST-1478"
"SO-11582","2025-11-03","P103","Golden Cocoa Truffles","191","CUST-1066"
"SO-11583","2022-07-28","P103","Golden Cocoa Truffles","148","CUST-1046"
"SO-11584","2024-11-24","P201","Mystic White Chocolate","162","CUST-1246"
"SO-11585","2023-09-20","P103","Golden Cocoa Truffles","147","CUST-1478"
"SO-11586","2023-05-13","P102","Enchanted Milk Chocolate","150","CUST-1365"
"SO-11587","2024-06-25","P102","Enchanted Milk Chocolate","24","CUST-1489"
"SO-11588","2024-11-11","P102","Enchanted Milk Chocolate","57","CUST-1018"
"SO-11589","2025-10-19","P101","Magical Dark Chocolate","163","CUST-1203"
"SO-11590","2024-04-20","P201","Mystic White Chocolate","82","CUST-1233"
"SO-11591","2023-02-12","P201","Mystic White Chocolate","10","CUST-1259"
"SO-11592","2025-09-18","P102","Enchanted Milk Chocolate","51","CUST-1493"
"SO-11593","2023-07-14","P102","Enchanted Milk Chocolate","132","CUST-1024"
"SO-11594","2023-12-25","P103","Golden Cocoa Truffles","126","CUST-1273"
"SO-11595","2023-11-08","P201","Mystic White Chocolate","10","CUST-1298"
"SO-11596","2023-03-20","P101","Magical Dark Chocolate","40","CUST-1470"
"SO-11597","2022-11-05","P101","Magical Dark Chocolate","138","CUST-1076"
"SO-11598","2026-07-02","P102","Enchanted Milk Chocolate","93","CUST-1035"
"SO-11599","2026-04-24","P103","Golden Cocoa Truffles","87","CUST-1304"
"SO-11600","2024-08-22","P102","Enchanted Milk Chocolate","23","CUST-1093"
"SO-11601","2026-03-25","P103","Golden Cocoa Truffles","187","CUST-1398"
"SO-11602","2026-07-29","P103","Golden Cocoa Truffles","150","CUST-1358"
"SO-11603","2026-07-25","P101","Magical Dark Chocolate","92","CUST-1197"
"SO-11604","2025-09-19","P101","Magical Dark Chocolate","170","CUST-1004"
"SO-11605","2024-05-09","P102","Enchanted Milk Chocolate","54","CUST-1116"
"SO-11606","2026-01-23","P102","Enchanted Milk Chocolate","199","CUST-1366"
"SO-11607","2022-04-04","P101","Magical Dark Chocolate","27","CUST-1131"
"SO-11608","2023-09-20","P102","Enchanted Milk Chocolate","54","CUST-1476"
"SO-11609","2025-07-01","P103","Golden Cocoa Truffles","22","CUST-1089"
"SO-11610","2026-08-23","P103","Golden Cocoa Truffles","123","CUST-1307"
"SO-11611","2026-03-05","P103","Golden Cocoa Truffles","84","CUST-1167"
"SO-11612","2023-07-08","P201","Mystic White Chocolate","129","CUST-1337"
"SO-11613","2023-03-12","P103","Golden Cocoa Truffles","95","CUST-1183"
"SO-11614","2025-04-06","P103","Golden Cocoa Truffles","160","CUST-1266"
"SO-11615","2025-08-20","P201","Mystic White Chocolate","34","CUST-1184"
"SO-11616","2024-08-02","P103","Golden Cocoa Truffles","163","CUST-1079"
"SO-11617","2025-10-01","P101","Magical Dark Chocolate","142","CUST-1391"
"SO-11618","2023-10-21","P201","Mystic White Chocolate","79","CUST-1095"
"SO-11619","2023-01-10","P201","Mystic White Chocolate","74","CUST-1019"
"SO-11620","2024-02-13","P101","Magical Dark Chocolate","102","CUST-1318"
"SO-11621","2025-07-16","P201","Mystic White Chocolate","38","CUST-1173"
"SO-11622","2026-01-08","P102","Enchanted Milk Chocolate","62","CUST-1169"
"SO-11623","2023-08-05","P101","Magical Dark Chocolate","141","CUST-1026"
"SO-11624","2022-04-04","P102","Enchanted Milk Chocolate","158","CUST-1459"
"SO-11625","2024-08-09","P201","Mystic White Chocolate","42","CUST-1214"
"SO-11626","2026-01-02","P102","Enchanted Milk Chocolate","56","CUST-1179"
"SO-11627","2023-02-03","P102","Enchanted Milk Chocolate","72","CUST-1304"
"SO-11628","2025-10-28","P101","Magical Dark Chocolate","146","CUST-1159"
"SO-11629","2025-07-29","P103","Golden Cocoa Truffles","177","CUST-1062"
"SO-11630","2024-09-13","P102","Enchanted Milk Chocolate","22","CUST-1240"
"SO-11631","2026-06-19","P102","Enchanted Milk Chocolate","183","CUST-1414"
"SO-11632","2024-05-04","P102","Enchanted Milk Chocolate","19","CUST-1435"
"SO-11633","2022-11-17","P103","Golden Cocoa Truffles","152","CUST-1338"
"SO-11634","2023-02-09","P103","Golden Cocoa Truffles","139","CUST-1240"
"SO-11635","2022-06-24","P101","Magical Dark Chocolate","174","CUST-1219"
"SO-11636","2026-08-21","P103","Golden Cocoa Truffles","171","CUST-1485"
"SO-11637","2022-11-05","P102","Enchanted Milk Chocolate","30","CUST-1015"
"SO-11638","2024-11-03","P103","Golden Cocoa Truffles","200","CUST-1447"
"SO-11639","2023-10-02","P201","Mystic White Chocolate","176","CUST-1415"
"SO-11640","2023-06-22","P103","Golden Cocoa Truffles","38","CUST-1484"
"SO-11641","2024-05-16","P103","Golden Cocoa Truffles","63","CUST-1097"
"SO-11642","2025-09-10","P101","Magical Dark Chocolate","148","CUST-1238"
"SO-11643","2023-01-08","P102","Enchanted Milk Chocolate","104","CUST-1416"
"SO-11644","2023-05-13","P102","Enchanted Milk Chocolate","88","CUST-1261"
"SO-11645","2026-05-17","P201","Mystic White Chocolate","15","CUST-1360"
"SO-11646","2022-12-15","P102","Enchanted Milk Chocolate","28","CUST-1370"
"SO-11647","2023-11-06","P101","Magical Dark Chocolate","146","CUST-1203"
"SO-11648","2023-01-03","P102","Enchanted Milk Chocolate","17","CUST-1325"
"SO-11649","2025-02-10","P201","Mystic White Chocolate","126","CUST-1440"
"SO-11650","2025-05-12","P201","Mystic White Chocolate","27","CUST-1128"
"SO-11651","2022-07-31","P102","Enchanted Milk Chocolate","171","CUST-1187"
"SO-11652","2024-07-19","P103","Golden Cocoa Truffles","153","CUST-1243"
"SO-11653","2022-08-26","P102","Enchanted Milk Chocolate","87","CUST-1146"
"SO-11654","2022-07-13","P103","Golden Cocoa Truffles","189","CUST-1138"
"SO-11655","2022-04-21","P103","Golden Cocoa Truffles","189","CUST-1453"
"SO-11656","2025-11-21","P103","Golden Cocoa Truffles","40","CUST-1278"
"SO-11657","2026-07-22","P101","Magical Dark Chocolate","101","CUST-1144"
"SO-11658","2022-12-04","P103","Golden Cocoa Truffles","17","CUST-1168"
"SO-11659","2024-09-16","P103","Golden Cocoa Truffles","35","CUST-1448"
"SO-11660","2026-06-04","P103","Golden Cocoa Truffles","199","CUST-1116"
"SO-11661","2025-09-11","P201","Mystic White Chocolate","39","CUST-1066"
"SO-11662","2023-06-19","P101","Magical Dark Chocolate","139","CUST-1018"
"SO-11663","2022-01-26","P201","Mystic White Chocolate","58","CUST-1055"
"SO-11664","2022-10-26","P102","Enchanted Milk Chocolate","76","CUST-1053"
"SO-11665","2025-09-09","P103","Golden Cocoa Truffles","159","CUST-1139"
"SO-11666","2024-12-10","P201","Mystic White Chocolate","116","CUST-1030"
"SO-11667","2025-01-28","P103","Golden Cocoa Truffles","133","CUST-1021"
"SO-11668","2022-09-17","P101","Magical Dark Chocolate","146","CUST-1229"
"SO-11669","2026-08-13","P201","Mystic White Chocolate","67","CUST-1498"
"SO-11670","2025-12-25","P101","Magical Dark Chocolate","45","CUST-1376"
"SO-11671","2023-07-01","P101","Magical Dark Chocolate","83","CUST-1245"
"SO-11672","2022-12-19","P101","Magical Dark Chocolate","14","CUST-1337"
"SO-11673","2025-10-21","P201","Mystic White Chocolate","83","CUST-1312"
"SO-11674","2026-02-28","P103","Golden Cocoa Truffles","172","CUST-1120"
"SO-11675","2024-09-06","P102","Enchanted Milk Chocolate","156","CUST-1354"
"SO-11676","2024-04-17","P201","Mystic White Chocolate","157","CUST-1351"
"SO-11677","2022-11-22","P102","Enchanted Milk Chocolate","111","CUST-1343"
"SO-11678","2026-03-04","P201","Mystic White Chocolate","112","CUST-1080"
"SO-11679","2026-06-29","P102","Enchanted Milk Chocolate","18","CUST-1372"
"SO-11680","2022-04-01","P103","Golden Cocoa Truffles","191","CUST-1225"
"SO-11681","2024-10-14","P101","Magical Dark Chocolate","134","CUST-1178"
"SO-11682","2022-01-14","P102","Enchanted Milk Chocolate","116","CUST-1018"
"SO-11683","2023-04-05","P101","Magical Dark Chocolate","120","CUST-1336"
"SO-11684","2022-10-04","P103","Golden Cocoa Truffles","47","CUST-1498"
"SO-11685","2024-05-04","P101","Magical Dark Chocolate","71","CUST-1301"
"SO-11686","2024-10-16","P201","Mystic White Chocolate","115","CUST-1066"
"SO-11687","2025-05-10","P201","Mystic White Chocolate","167","CUST-1077"
"SO-11688","2022-01-23","P102","Enchanted Milk Chocolate","151","CUST-1373"
"SO-11689","2022-06-04","P101","Magical Dark Chocolate","164","CUST-1196"
"SO-11690","2022-03-10","P201","Mystic White Chocolate","94","CUST-1385"
"SO-11691","2025-10-16","P201","Mystic White Chocolate","52","CUST-1153"
"SO-11692","2023-02-27","P101","Magical Dark Chocolate","114","CUST-1479"
"SO-11693","2022-04-24","P103","Golden Cocoa Truffles","11","CUST-1425"
"SO-11694","2026-09-27","P101","Magical Dark Chocolate","107","CUST-1134"
"SO-11695","2025-02-03","P101","Magical Dark Chocolate","141","CUST-1141"
"SO-11696","2026-05-30","P201","Mystic White Chocolate","53","CUST-1396"
"SO-11697","2022-06-05","P103","Golden Cocoa Truffles","158","CUST-1010"
"SO-11698","2022-07-16","P102","Enchanted Milk Chocolate","53","CUST-1185"
"SO-11699","2024-05-22","P101","Magical Dark Chocolate","91","CUST-1322"
"SO-11700","2024-12-31","P103","Golden Cocoa Truffles","81","CUST-1176"
"SO-11701","2024-04-02","P201","Mystic White Chocolate","110","CUST-1484"
"SO-11702","2024-12-14","P201","Mystic White Chocolate","89","CUST-1411"
"SO-11703","2025-11-25","P103","Golden Cocoa Truffles","181","CUST-1467"
"SO-11704","2025-06-16","P201","Mystic White Chocolate","85","CUST-1275"
"SO-11705","2023-01-13","P101","Magical Dark Chocolate","162","CUST-1220"
"SO-11706","2022-07-17","P102","Enchanted Milk Chocolate","56","CUST-1215"
"SO-11707","2025-01-05","P103","Golden Cocoa Truffles","37","CUST-1206"
"SO-11708","2022-03-25","P201","Mystic White Chocolate","175","CUST-1384"
"SO-11709","2025-01-25","P102","Enchanted Milk Chocolate","136","CUST-1223"
"SO-11710","2022-09-29","P103","Golden Cocoa Truffles","192","CUST-1108"
"SO-11711","2023-12-03","P103","Golden Cocoa Truffles","64","CUST-1250"
"SO-11712","2022-11-21","P201","Mystic White Chocolate","69","CUST-1180"
"SO-11713","2025-10-29","P201","Mystic White Chocolate","101","CUST-1320"
"SO-11714","2025-09-17","P201","Mystic White Chocolate","11","CUST-1160"
"SO-11715","2025-10-27","P201","Mystic White Chocolate","150","CUST-1365"
"SO-11716","2022-12-10","P103","Golden Cocoa Truffles","78","CUST-1357"
"SO-11717","2026-03-19","P101","Magical Dark Chocolate","195","CUST-1350"
"SO-11718","2024-08-22","P102","Enchanted Milk Chocolate","186","CUST-1488"
"SO-11719","2022-06-24","P101","Magical Dark Chocolate","193","CUST-1259"
"SO-11720","2022-02-15","P103","Golden Cocoa Truffles","116","CUST-1029"
"SO-11721","2024-04-27","P201","Mystic White Chocolate","48","CUST-1008"
"SO-11722","2025-04-20","P101","Magical Dark Chocolate","138","CUST-1321"
"SO-11723","2024-04-12","P101","Magical Dark Chocolate","64","CUST-1359"
"SO-11724","2026-05-31","P201","Mystic White Chocolate","55","CUST-1196"
"SO-11725","2023-03-01","P103","Golden Cocoa Truffles","176","CUST-1173"
"SO-11726","2025-12-26","P102","Enchanted Milk Chocolate","142","CUST-1250"
"SO-11727","2024-02-05","P201","Mystic White Chocolate","130","CUST-1133"
"SO-11728","2026-06-30","P102","Enchanted Milk Chocolate","192","CUST-1372"
"SO-11729","2026-03-27","P101","Magical Dark Chocolate","197","CUST-1433"
"SO-11730","2023-06-08","P102","Enchanted Milk Chocolate","30","CUST-1361"
"SO-11731","2025-07-27","P103","Golden Cocoa Truffles","125","CUST-1238"
"SO-11732","2026-05-04","P102","Enchanted Milk Chocolate","179","CUST-1291"
"SO-11733","2022-07-06","P101","Magical Dark Chocolate","86","CUST-1328"
"SO-11734","2023-10-17","P201","Mystic White Chocolate","194","CUST-1148"
"SO-11735","2024-09-10","P103","Golden Cocoa Truffles","186","CUST-1340"
"SO-11736","2024-02-18","P101","Magical Dark Chocolate","164","CUST-1460"
"SO-11737","2024-06-05","P101","Magical Dark Chocolate","56","CUST-1088"
"SO-11738","2024-03-25","P101","Magical Dark Chocolate","185","CUST-1046"
"SO-11739","2025-10-19","P102","Enchanted Milk Chocolate","76","CUST-1055"
"SO-11740","2026-08-19","P101","Magical Dark Chocolate","141","CUST-1451"
"SO-11741","2024-10-08","P103","Golden Cocoa Truffles","92","CUST-1288"
"SO-11742","2022-10-24","P201","Mystic White Chocolate","76","CUST-1466"
"SO-11743","2026-06-14","P101","Magical Dark Chocolate","65","CUST-1392"
"SO-11744","2026-09-21","P101","Magical Dark Chocolate","42","CUST-1420"
"SO-11745","2024-04-23","P102","Enchanted Milk Chocolate","128","CUST-1169"
"SO-11746","2026-07-15","P103","Golden Cocoa Truffles","94","CUST-1217"
"SO-11747","2025-05-03","P103","Golden Cocoa Truffles","67","CUST-1291"
"SO-11748","2022-05-08","P103","Golden Cocoa Truffles","40","CUST-1250"
"SO-11749","2026-02-19","P201","Mystic White Chocolate","151","CUST-1049"
"SO-11750","2023-11-19","P102","Enchanted Milk Chocolate","126","CUST-1475"
"SO-11751","2023-01-17","P102","Enchanted Milk Chocolate","81","CUST-1476"
"SO-11752","2025-11-17","P103","Golden Cocoa Truffles","185","CUST-1329"
"SO-11753","2024-12-07","P101","Magical Dark Chocolate","67","CUST-1442"
"SO-11754","2025-08-01","P101","Magical Dark Chocolate","197","CUST-1005"
"SO-11755","2023-02-13","P103","Golden Cocoa Truffles","28","CUST-1308"
"SO-11756","2026-06-14","P102","Enchanted Milk Chocolate","113","CUST-1044"
"SO-11757","2023-04-08","P101","Magical Dark Chocolate","44","CUST-1324"
"SO-11758","2022-06-23","P101","Magical Dark Chocolate","135","CUST-1407"
"SO-11759","2022-01-28","P102","Enchanted Milk Chocolate","67","CUST-1373"
"SO-11760","2026-02-09","P102","Enchanted Milk Chocolate","94","CUST-1400"
"SO-11761","2026-09-12","P101","Magical Dark Chocolate","45","CUST-1007"
"SO-11762","2024-02-27","P201","Mystic White Chocolate","43","CUST-1371"
"SO-11763","2024-08-16","P201","Mystic White Chocolate","175","CUST-1013"
"SO-11764","2024-03-02","P101","Magical Dark Chocolate","136","CUST-1242"
"SO-11765","2024-12-03","P101","Magical Dark Chocolate","140","CUST-1348"
"SO-11766","2023-03-15","P102","Enchanted Milk Chocolate","131","CUST-1312"
"SO-11767","2023-04-28","P103","Golden Cocoa Truffles","86","CUST-1454"
"SO-11768","2022-02-09","P101","Magical Dark Chocolate","109","CUST-1313"
"SO-11769","2026-04-18","P103","Golden Cocoa Truffles","146","CUST-1351"
"SO-11770","2024-02-11","P103","Golden Cocoa Truffles","127","CUST-1070"
"SO-11771","2025-01-29","P201","Mystic White Chocolate","73","CUST-1120"
"SO-11772","2026-02-26","P103","Golden Cocoa Truffles","56","CUST-1216"
"SO-11773","2026-01-16","P103","Golden Cocoa Truffles","122","CUST-1277"
"SO-11774","2022-05-16","P201","Mystic White Chocolate","106","CUST-1343"
"SO-11775","2025-03-29","P103","Golden Cocoa Truffles","145","CUST-1128"
"SO-11776","2026-06-23","P103","Golden Cocoa Truffles","92","CUST-1246"
"SO-11777","2026-01-24","P103","Golden Cocoa Truffles","142","CUST-1319"
"SO-11778","2025-02-10","P201","Mystic White Chocolate","114","CUST-1074"
"SO-11779","2025-08-12","P103","Golden Cocoa Truffles","176","CUST-1189"
"SO-11780","2023-03-12","P102","Enchanted Milk Chocolate","155","CUST-1142"
"SO-11781","2022-11-02","P201","Mystic White Chocolate","84","CUST-1275"
"SO-11782","2025-05-02","P201","Mystic White Chocolate","198","CUST-1440"
"SO-11783","2025-12-17","P102","Enchanted Milk Chocolate","38","CUST-1279"
"SO-11784","2024-10-19","P101","Magical Dark Chocolate","151","CUST-1087"
"SO-11785","2022-12-09","P201","Mystic White Chocolate","162","CUST-1343"
"SO-11786","2024-05-09","P201","Mystic White Chocolate","161","CUST-1312"
"SO-11787","2022-09-15","P102","Enchanted Milk Chocolate","24","CUST-1181"
"SO-11788","2024-04-04","P101","Magical Dark Chocolate","138","CUST-1428"
"SO-11789","2022-10-19","P103","Golden Cocoa Truffles","178","CUST-1079"
"SO-11790","2024-05-28","P102","Enchanted Milk Chocolate","53","CUST-1099"
"SO-11791","2026-04-29","P101","Magical Dark Chocolate","103","CUST-1415"
"SO-11792","2025-08-05","P102","Enchanted Milk Chocolate","44","CUST-1451"
"SO-11793","2022-08-26","P201","Mystic White Chocolate","167","CUST-1190"
"SO-11794","2025-09-19","P103","Golden Cocoa Truffles","154","CUST-1051"
"SO-11795","2026-08-08","P102","Enchanted Milk Chocolate","33","CUST-1241"
"SO-11796","2026-05-07","P101","Magical Dark Chocolate","22","CUST-1214"
"SO-11797","2025-04-17","P201","Mystic White Chocolate","80","CUST-1347"
"SO-11798","2024-01-07","P201","Mystic White Chocolate","97","CUST-1437"
"SO-11799","2024-02-22","P201","Mystic White Chocolate","73","CUST-1386"
"SO-11800","2023-02-24","P201","Mystic White Chocolate","60","CUST-1125"
"SO-11801","2024-03-12","P102","Enchanted Milk Chocolate","176","CUST-1347"
"SO-11802","2022-09-20","P102","Enchanted Milk Chocolate","199","CUST-1273"
"SO-11803","2026-08-09","P103","Golden Cocoa Truffles","24","CUST-1443"
"SO-11804","2026-01-08","P103","Golden Cocoa Truffles","52","CUST-1131"
"SO-11805","2023-01-03","P102","Enchanted Milk Chocolate","137","CUST-1229"
"SO-11806","2023-06-07","P101","Magical Dark Chocolate","175","CUST-1054"
"SO-11807","2022-06-05","P101","Magical Dark Chocolate","111","CUST-1464"
"SO-11808","2024-11-29","P101","Magical Dark Chocolate","160","CUST-1114"
"SO-11809","2024-10-22","P103","Golden Cocoa Truffles","85","CUST-1324"
"SO-11810","2024-05-25","P201","Mystic White Chocolate","185","CUST-1433"
"SO-11811","2024-09-29","P101","Magical Dark Chocolate","173","CUST-1140"
"SO-11812","2023-06-19","P101","Magical Dark Chocolate","120","CUST-1210"
"SO-11813","2022-03-30","P201","Mystic White Chocolate","48","CUST-1492"
"SO-11814","2022-06-03","P103","Golden Cocoa Truffles","149","CUST-1275"
"SO-11815","2026-05-18","P101","Magical Dark Chocolate","11","CUST-1019"
"SO-11816","2025-08-16","P103","Golden Cocoa Truffles","64","CUST-1451"
"SO-11817","2022-02-09","P103","Golden Cocoa Truffles","83","CUST-1450"
"SO-11818","2025-10-24","P103","Golden Cocoa Truffles","148","CUST-1262"
"SO-11819","2025-10-31","P101","Magical Dark Chocolate","43","CUST-1404"
"SO-11820","2023-04-25","P103","Golden Cocoa Truffles","170","CUST-1094"
"SO-11821","2025-12-13","P103","Golden Cocoa Truffles","75","CUST-1181"
"SO-11822","2025-06-30","P102","Enchanted Milk Chocolate","136","CUST-1008"
"SO-11823","2025-04-15","P102","Enchanted Milk Chocolate","71","CUST-1191"
"SO-11824","2023-06-23","P103","Golden Cocoa Truffles","71","CUST-1250"
"SO-11825","2023-07-20","P103","Golden Cocoa Truffles","129","CUST-1025"
"SO-11826","2026-03-24","P101","Magical Dark Chocolate","132","CUST-1413"
"SO-11827","2022-09-11","P103","Golden Cocoa Truffles","110","CUST-1421"
"SO-11828","2024-07-04","P101","Magical Dark Chocolate","18","CUST-1340"
"SO-11829","2024-12-26","P102","Enchanted Milk Chocolate","193","CUST-1005"
"SO-11830","2026-05-25","P201","Mystic White Chocolate","111","CUST-1013"
"SO-11831","2023-11-03","P101","Magical Dark Chocolate","86","CUST-1020"
"SO-11832","2024-01-17","P102","Enchanted Milk Chocolate","156","CUST-1207"
"SO-11833","2023-05-08","P103","Golden Cocoa Truffles","63","CUST-1465"
"SO-11834","2023-08-18","P201","Mystic White Chocolate","51","CUST-1196"
"SO-11835","2022-05-25","P101","Magical Dark Chocolate","39","CUST-1293"
"SO-11836","2025-10-05","P101","Magical Dark Chocolate","180","CUST-1448"
"SO-11837","2023-09-21","P102","Enchanted Milk Chocolate","191","CUST-1111"
"SO-11838","2023-04-25","P102","Enchanted Milk Chocolate","192","CUST-1474"
"SO-11839","2025-11-04","P201","Mystic White Chocolate","190","CUST-1088"
"SO-11840","2023-06-23","P103","Golden Cocoa Truffles","141","CUST-1313"
"SO-11841","2023-07-13","P201","Mystic White Chocolate","137","CUST-1282"
"SO-11842","2022-07-23","P201","Mystic White Chocolate","186","CUST-1018"
"SO-11843","2024-04-12","P201","Mystic White Chocolate","170","CUST-1068"
"SO-11844","2024-06-05","P101","Magical Dark Chocolate","111","CUST-1198"
"SO-11845","2026-07-12","P102","Enchanted Milk Chocolate","36","CUST-1267"
"SO-11846","2025-12-27","P103","Golden Cocoa Truffles","78","CUST-1283"
"SO-11847","2022-12-18","P103","Golden Cocoa Truffles","102","CUST-1373"
"SO-11848","2022-07-28","P101","Magical Dark Chocolate","149","CUST-1235"
"SO-11849","2022-06-28","P201","Mystic White Chocolate","192","CUST-1008"
"SO-11850","2022-09-30","P103","Golden Cocoa Truffles","177","CUST-1443"
"SO-11851","2024-08-11","P201","Mystic White Chocolate","85","CUST-1470"
"SO-11852","2022-12-06","P103","Golden Cocoa Truffles","15","CUST-1025"
"SO-11853","2022-10-20","P201","Mystic White Chocolate","22","CUST-1028"
"SO-11854","2023-01-03","P201","Mystic White Chocolate","79","CUST-1214"
"SO-11855","2022-06-13","P101","Magical Dark Chocolate","29","CUST-1210"
"SO-11856","2023-11-02","P201","Mystic White Chocolate","46","CUST-1237"
"SO-11857","2024-09-26","P103","Golden Cocoa Truffles","127","CUST-1394"
"SO-11858","2024-07-09","P103","Golden Cocoa Truffles","63","CUST-1382"
"SO-11859","2026-06-24","P103","Golden Cocoa Truffles","196","CUST-1092"
"SO-11860","2025-03-21","P101","Magical Dark Chocolate","24","CUST-1085"
"SO-11861","2025-09-08","P103","Golden Cocoa Truffles","60","CUST-1054"
"SO-11862","2026-05-16","P103","Golden Cocoa Truffles","28","CUST-1247"
"SO-11863","2026-03-30","P101","Magical Dark Chocolate","75","CUST-1251"
"SO-11864","2022-03-07","P101","Magical Dark Chocolate","24","CUST-1027"
"SO-11865","2025-07-10","P102","Enchanted Milk Chocolate","57","CUST-1432"
"SO-11866","2022-12-25","P103","Golden Cocoa Truffles","89","CUST-1244"
"SO-11867","2022-05-01","P102","Enchanted Milk Chocolate","154","CUST-1413"
"SO-11868","2024-03-26","P103","Golden Cocoa Truffles","28","CUST-1055"
"SO-11869","2024-10-21","P201","Mystic White Chocolate","45","CUST-1117"
"SO-11870","2023-07-09","P103","Golden Cocoa Truffles","95","CUST-1446"
"SO-11871","2026-07-28","P101","Magical Dark Chocolate","73","CUST-1325"
"SO-11872","2026-08-09","P201","Mystic White Chocolate","188","CUST-1492"
"SO-11873","2025-05-23","P201","Mystic White Chocolate","123","CUST-1363"
"SO-11874","2023-04-09","P103","Golden Cocoa Truffles","121","CUST-1271"
"SO-11875","2022-06-17","P102","Enchanted Milk Chocolate","34","CUST-1425"
"SO-11876","2025-04-17","P103","Golden Cocoa Truffles","115","CUST-1436"
"SO-11877","2024-06-07","P201","Mystic White Chocolate","139","CUST-1028"
"SO-11878","2025-07-13","P103","Golden Cocoa Truffles","176","CUST-1310"
"SO-11879","2025-01-18","P101","Magical Dark Chocolate","83","CUST-1111"
"SO-11880","2025-03-30","P102","Enchanted Milk Chocolate","25","CUST-1255"
"SO-11881","2026-04-15","P101","Magical Dark Chocolate","31","CUST-1093"
"SO-11882","2024-09-03","P101","Magical Dark Chocolate","184","CUST-1354"
"SO-11883","2022-11-23","P201","Mystic White Chocolate","42","CUST-1055"
"SO-11884","2023-11-05","P101","Magical Dark Chocolate","151","CUST-1469"
"SO-11885","2024-10-24","P103","Golden Cocoa Truffles","72","CUST-1079"
"SO-11886","2024-01-17","P103","Golden Cocoa Truffles","160","CUST-1138"
"SO-11887","2025-11-16","P201","Mystic White Chocolate","93","CUST-1383"
"SO-11888","2022-12-28","P201","Mystic White Chocolate","19","CUST-1387"
"SO-11889","2025-09-16","P101","Magical Dark Chocolate","78","CUST-1372"
"SO-11890","2025-06-12","P103","Golden Cocoa Truffles","196","CUST-1259"
"SO-11891","2022-09-18","P101","Magical Dark Chocolate","113","CUST-1428"
"SO-11892","2026-09-03","P201","Mystic White Chocolate","128","CUST-1438"
"SO-11893","2024-06-06","P201","Mystic White Chocolate","179","CUST-1310"
"SO-11894","2024-10-11","P102","Enchanted Milk Chocolate","53","CUST-1055"
"SO-11895","2023-03-15","P201","Mystic White Chocolate","40","CUST-1371"
"SO-11896","2024-04-29","P201","Mystic White Chocolate","66","CUST-1138"
"SO-11897","2023-01-06","P103","Golden Cocoa Truffles","40","CUST-1263"
"SO-11898","2024-05-06","P101","Magical Dark Chocolate","120","CUST-1301"
"SO-11899","2024-12-03","P201","Mystic White Chocolate","182","CUST-1378"
"SO-11900","2023-03-14","P103","Golden Cocoa Truffles","59","CUST-1102"
"SO-11901","2025-08-08","P201","Mystic White Chocolate","80","CUST-1038"
"SO-11902","2026-02-04","P201","Mystic White Chocolate","45","CUST-1288"
"SO-11903","2023-01-12","P101","Magical Dark Chocolate","109","CUST-1387"
"SO-11904","2025-08-16","P102","Enchanted Milk Chocolate","29","CUST-1219"
"SO-11905","2023-04-27","P201","Mystic White Chocolate","135","CUST-1033"
"SO-11906","2026-01-08","P103","Golden Cocoa Truffles","90","CUST-1097"
"SO-11907","2025-07-09","P101","Magical Dark Chocolate","68","CUST-1450"
"SO-11908","2025-10-23","P102","Enchanted Milk Chocolate","113","CUST-1169"
"SO-11909","2026-04-10","P201","Mystic White Chocolate","47","CUST-1487"
"SO-11910","2022-12-29","P101","Magical Dark Chocolate","19","CUST-1409"
"SO-11911","2026-03-12","P201","Mystic White Chocolate","66","CUST-1140"
"SO-11912","2022-08-12","P201","Mystic White Chocolate","171","CUST-1443"
"SO-11913","2023-01-12","P103","Golden Cocoa Truffles","32","CUST-1043"
"SO-11914","2025-06-20","P201","Mystic White Chocolate","105","CUST-1485"
"SO-11915","2025-05-23","P101","Magical Dark Chocolate","107","CUST-1048"
"SO-11916","2025-05-27","P102","Enchanted Milk Chocolate","81","CUST-1238"
"SO-11917","2022-04-11","P103","Golden Cocoa Truffles","35","CUST-1457"
"SO-11918","2022-11-09","P102","Enchanted Milk Chocolate","131","CUST-1057"
"SO-11919","2022-06-24","P201","Mystic White Chocolate","185","CUST-1477"
"SO-11920","2025-08-26","P102","Enchanted Milk Chocolate","199","CUST-1410"
"SO-11921","2024-10-21","P103","Golden Cocoa Truffles","97","CUST-1335"
"SO-11922","2024-09-07","P101","Magical Dark Chocolate","60","CUST-1367"
"SO-11923","2024-04-26","P101","Magical Dark Chocolate","45","CUST-1181"
"SO-11924","2025-04-13","P101","Magical Dark Chocolate","91","CUST-1431"
"SO-11925","2025-09-27","P102","Enchanted Milk Chocolate","190","CUST-1354"
"SO-11926","2024-09-16","P101","Magical Dark Chocolate","50","CUST-1256"
"SO-11927","2024-12-29","P201","Mystic White Chocolate","180","CUST-1265"
"SO-11928","2025-02-05","P103","Golden Cocoa Truffles","66","CUST-1391"
"SO-11929","2023-06-18","P201","Mystic White Chocolate","11","CUST-1407"
"SO-11930","2024-08-12","P103","Golden Cocoa Truffles","81","CUST-1167"
"SO-11931","2022-11-21","P201","Mystic White Chocolate","191","CUST-1139"
"SO-11932","2023-11-22","P101","Magical Dark Chocolate","39","CUST-1131"
"SO-11933","2024-06-01","P102","Enchanted Milk Chocolate","18","CUST-1258"
"SO-11934","2024-09-08","P101","Magical Dark Chocolate","170","CUST-1437"
"SO-11935","2022-12-26","P201","Mystic White Chocolate","44","CUST-1017"
"SO-11936","2024-05-14","P101","Magical Dark Chocolate","110","CUST-1333"
"SO-11937","2024-05-01","P103","Golden Cocoa Truffles","29","CUST-1137"
"SO-11938","2024-11-29","P102","Enchanted Milk Chocolate","170","CUST-1044"
"SO-11939","2025-05-01","P101","Magical Dark Chocolate","163","CUST-1266"
"SO-11940","2023-07-23","P101","Magical Dark Chocolate","178","CUST-1133"
"SO-11941","2023-12-04","P101","Magical Dark Chocolate","113","CUST-1161"
"SO-11942","2025-08-13","P103","Golden Cocoa Truffles","127","CUST-1129"
"SO-11943","2025-08-16","P103","Golden Cocoa Truffles","138","CUST-1164"
"SO-11944","2022-07-17","P201","Mystic White Chocolate","107","CUST-1448"
"SO-11945","2025-05-28","P102","Enchanted Milk Chocolate","152","CUST-1194"
"SO-11946","2022-07-05","P201","Mystic White Chocolate","177","CUST-1181"
"SO-11947","2023-02-19","P101","Magical Dark Chocolate","115","CUST-1052"
"SO-11948","2025-10-25","P201","Mystic White Chocolate","51","CUST-1297"
"SO-11949","2022-12-28","P103","Golden Cocoa Truffles","84","CUST-1391"
"SO-11950","2024-10-20","P103","Golden Cocoa Truffles","102","CUST-1004"
"SO-11951","2023-01-16","P102","Enchanted Milk Chocolate","143","CUST-1083"
"SO-11952","2024-06-11","P101","Magical Dark Chocolate","89","CUST-1054"
"SO-11953","2026-03-06","P102","Enchanted Milk Chocolate","135","CUST-1362"
"SO-11954","2025-07-23","P103","Golden Cocoa Truffles","100","CUST-1002"
"SO-11955","2022-02-14","P101","Magical Dark Chocolate","114","CUST-1450"
"SO-11956","2023-03-16","P103","Golden Cocoa Truffles","64","CUST-1344"
"SO-11957","2022-11-24","P103","Golden Cocoa Truffles","29","CUST-1171"
"SO-11958","2024-07-24","P103","Golden Cocoa Truffles","96","CUST-1028"
"SO-11959","2026-08-26","P201","Mystic White Chocolate","111","CUST-1252"
"SO-11960","2023-01-27","P101","Magical Dark Chocolate","129","CUST-1089"
"SO-11961","2023-09-28","P103","Golden Cocoa Truffles","38","CUST-1054"
"SO-11962","2024-04-23","P102","Enchanted Milk Chocolate","160","CUST-1178"
"SO-11963","2026-06-04","P103","Golden Cocoa Truffles","80","CUST-1196"
"SO-11964","2024-10-28","P101","Magical Dark Chocolate","143","CUST-1169"
"SO-11965","2024-11-19","P102","Enchanted Milk Chocolate","104","CUST-1046"
"SO-11966","2026-01-01","P201","Mystic White Chocolate","137","CUST-1079"
"SO-11967","2024-06-08","P103","Golden Cocoa Truffles","31","CUST-1032"
"SO-11968","2024-11-16","P103","Golden Cocoa Truffles","189","CUST-1262"
"SO-11969","2024-07-18","P101","Magical Dark Chocolate","24","CUST-1075"
"SO-11970","2023-12-05","P101","Magical Dark Chocolate","116","CUST-1397"
"SO-11971","2024-11-17","P201","Mystic White Chocolate","43","CUST-1143"
"SO-11972","2022-09-21","P201","Mystic White Chocolate","26","CUST-1125"
"SO-11973","2023-09-20","P103","Golden Cocoa Truffles","139","CUST-1142"
"SO-11974","2024-05-24","P201","Mystic White Chocolate","102","CUST-1358"
"SO-11975","2023-08-06","P103","Golden Cocoa Truffles","115","CUST-1501"
"SO-11976","2026-04-29","P103","Golden Cocoa Truffles","124","CUST-1443"
"SO-11977","2025-08-15","P201","Mystic White Chocolate","100","CUST-1135"
"SO-11978","2024-03-07","P102","Enchanted Milk Chocolate","11","CUST-1321"
"SO-11979","2025-06-18","P102","Enchanted Milk Chocolate","134","CUST-1011"
"SO-11980","2024-11-30","P103","Golden Cocoa Truffles","119","CUST-1170"
"SO-11981","2022-07-17","P101","Magical Dark Chocolate","188","CUST-1383"
"SO-11982","2026-08-19","P101","Magical Dark Chocolate","28","CUST-1393"
"SO-11983","2023-06-11","P102","Enchanted Milk Chocolate","32","CUST-1003"
"SO-11984","2023-06-11","P101","Magical Dark Chocolate","146","CUST-1002"
"SO-11985","2024-12-11","P201","Mystic White Chocolate","60","CUST-1196"
"SO-11986","2025-03-31","P103","Golden Cocoa Truffles","124","CUST-1498"
"SO-11987","2024-07-12","P102","Enchanted Milk Chocolate","64","CUST-1133"
"SO-11988","2026-05-21","P102","Enchanted Milk Chocolate","82","CUST-1383"
"SO-11989","2023-02-24","P103","Golden Cocoa Truffles","56","CUST-1021"
"SO-11990","2024-10-15","P201","Mystic White Chocolate","22","CUST-1021"
"SO-11991","2025-06-18","P201","Mystic White Chocolate","46","CUST-1500"
"SO-11992","2025-08-15","P103","Golden Cocoa Truffles","164","CUST-1317"
"SO-11993","2025-03-03","P103","Golden Cocoa Truffles","182","CUST-1037"
"SO-11994","2023-12-06","P102","Enchanted Milk Chocolate","94","CUST-1359"
"SO-11995","2024-09-17","P101","Magical Dark Chocolate","49","CUST-1245"
"SO-11996","2026-04-01","P201","Mystic White Chocolate","60","CUST-1084"
"SO-11997","2026-03-22","P102","Enchanted Milk Chocolate","94","CUST-1175"
"SO-11998","2024-02-20","P102","Enchanted Milk Chocolate","193","CUST-1298"
"SO-11999","2025-10-17","P201","Mystic White Chocolate","22","CUST-1235"
"SO-12000","2025-03-10","P201","Mystic White Chocolate","178","CUST-1158"
"SO-12001","2024-02-09","P103","Golden Cocoa Truffles","175","CUST-1312"
"SO-12002","2022-09-15","P201","Mystic White Chocolate","192","CUST-1485"
"SO-12003","2026-06-11","P103","Golden Cocoa Truffles","181","CUST-1369"
"SO-12004","2025-12-27","P201","Mystic White Chocolate","179","CUST-1259"
"SO-12005","2022-12-07","P201","Mystic White Chocolate","97","CUST-1026"
"SO-12006","2023-01-24","P103","Golden Cocoa Truffles","55","CUST-1033"
"SO-12007","2025-05-28","P103","Golden Cocoa Truffles","74","CUST-1371"
"SO-12008","2025-04-13","P101","Magical Dark Chocolate","113","CUST-1240"
"SO-12009","2024-12-27","P101","Magical Dark Chocolate","72","CUST-1257"
"SO-12010","2024-10-07","P101","Magical Dark Chocolate","176","CUST-1319"
"SO-12011","2025-07-15","P103","Golden Cocoa Truffles","65","CUST-1295"
"SO-12012","2024-05-15","P201","Mystic White Chocolate","143","CUST-1294"
"SO-12013","2023-12-12","P103","Golden Cocoa Truffles","57","CUST-1261"
"SO-12014","2022-02-01","P101","Magical Dark Chocolate","121","CUST-1303"
"SO-12015","2023-06-14","P101","Magical Dark Chocolate","90","CUST-1135"
"SO-12016","2025-01-23","P102","Enchanted Milk Chocolate","101","CUST-1013"
"SO-12017","2022-12-21","P201","Mystic White Chocolate","162","CUST-1353"
"SO-12018","2025-08-29","P201","Mystic White Chocolate","143","CUST-1161"
"SO-12019","2023-09-05","P201","Mystic White Chocolate","38","CUST-1186"
"SO-12020","2022-11-13","P102","Enchanted Milk Chocolate","133","CUST-1364"
"SO-12021","2024-05-26","P102","Enchanted Milk Chocolate","122","CUST-1034"
"SO-12022","2026-09-02","P102","Enchanted Milk Chocolate","86","CUST-1319"
"SO-12023","2022-11-13","P201","Mystic White Chocolate","99","CUST-1050"
"SO-12024","2023-01-21","P102","Enchanted Milk Chocolate","63","CUST-1139"
"SO-12025","2026-07-11","P102","Enchanted Milk Chocolate","136","CUST-1465"
"SO-12026","2025-08-16","P201","Mystic White Chocolate","23","CUST-1041"
"SO-12027","2023-11-17","P201","Mystic White Chocolate","89","CUST-1478"
"SO-12028","2024-01-15","P103","Golden Cocoa Truffles","60","CUST-1415"
"SO-12029","2026-04-20","P102","Enchanted Milk Chocolate","133","CUST-1234"
"SO-12030","2023-02-12","P103","Golden Cocoa Truffles","29","CUST-1313"
"SO-12031","2026-05-20","P101","Magical Dark Chocolate","89","CUST-1056"
"SO-12032","2023-04-08","P101","Magical Dark Chocolate","66","CUST-1205"
"SO-12033","2023-12-19","P102","Enchanted Milk Chocolate","36","CUST-1129"
"SO-12034","2025-03-22","P101","Magical Dark Chocolate","81","CUST-1060"
"SO-12035","2023-07-20","P101","Magical Dark Chocolate","169","CUST-1370"
"SO-12036","2022-01-18","P103","Golden Cocoa Truffles","160","CUST-1245"
"SO-12037","2024-05-19","P103","Golden Cocoa Truffles","64","CUST-1231"
"SO-12038","2024-12-21","P102","Enchanted Milk Chocolate","59","CUST-1212"
"SO-12039","2022-05-20","P101","Magical Dark Chocolate","184","CUST-1106"
"SO-12040","2025-02-22","P101","Magical Dark Chocolate","110","CUST-1086"
"SO-12041","2023-04-01","P103","Golden Cocoa Truffles","171","CUST-1447"
"SO-12042","2025-07-28","P103","Golden Cocoa Truffles","173","CUST-1160"
"SO-12043","2025-11-19","P103","Golden Cocoa Truffles","71","CUST-1106"
"SO-12044","2024-08-05","P102","Enchanted Milk Chocolate","16","CUST-1153"
"SO-12045","2026-05-08","P201","Mystic White Chocolate","112","CUST-1227"
"SO-12046","2023-01-22","P103","Golden Cocoa Truffles","61","CUST-1235"
"SO-12047","2025-10-10","P103","Golden Cocoa Truffles","200","CUST-1250"
"SO-12048","2026-06-18","P101","Magical Dark Chocolate","78","CUST-1390"
"SO-12049","2024-06-19","P201","Mystic White Chocolate","149","CUST-1146"
"SO-12050","2023-02-11","P102","Enchanted Milk Chocolate","17","CUST-1093"
"SO-12051","2025-04-25","P101","Magical Dark Chocolate","174","CUST-1084"
"SO-12052","2022-02-16","P201","Mystic White Chocolate","80","CUST-1375"
"SO-12053","2025-01-24","P102","Enchanted Milk Chocolate","92","CUST-1157"
"SO-12054","2024-05-19","P102","Enchanted Milk Chocolate","114","CUST-1136"
"SO-12055","2023-09-17","P103","Golden Cocoa Truffles","200","CUST-1183"
"SO-12056","2024-05-07","P201","Mystic White Chocolate","84","CUST-1093"
"SO-12057","2023-12-28","P103","Golden Cocoa Truffles","133","CUST-1356"
"SO-12058","2024-12-03","P201","Mystic White Chocolate","74","CUST-1445"
"SO-12059","2024-05-10","P201","Mystic White Chocolate","117","CUST-1029"
"SO-12060","2026-01-22","P201","Mystic White Chocolate","52","CUST-1429"
"SO-12061","2023-05-26","P102","Enchanted Milk Chocolate","185","CUST-1169"
"SO-12062","2025-02-01","P103","Golden Cocoa Truffles","171","CUST-1304"
"SO-12063","2025-05-25","P103","Golden Cocoa Truffles","197","CUST-1076"
"SO-12064","2023-12-04","P201","Mystic White Chocolate","22","CUST-1010"
"SO-12065","2025-01-19","P101","Magical Dark Chocolate","17","CUST-1060"
"SO-12066","2024-02-06","P201","Mystic White Chocolate","41","CUST-1493"
"SO-12067","2025-02-26","P201","Mystic White Chocolate","191","CUST-1154"
"SO-12068","2022-01-13","P102","Enchanted Milk Chocolate","138","CUST-1259"
"SO-12069","2022-08-11","P101","Magical Dark Chocolate","47","CUST-1259"
"SO-12070","2023-07-29","P102","Enchanted Milk Chocolate","21","CUST-1074"
"SO-12071","2022-03-03","P101","Magical Dark Chocolate","128","CUST-1131"
"SO-12072","2022-11-14","P103","Golden Cocoa Truffles","132","CUST-1039"
"SO-12073","2022-04-06","P201","Mystic White Chocolate","168","CUST-1312"
"SO-12074","2025-04-17","P103","Golden Cocoa Truffles","16","CUST-1014"
"SO-12075","2022-07-14","P201","Mystic White Chocolate","157","CUST-1326"
"SO-12076","2025-10-20","P201","Mystic White Chocolate","149","CUST-1109"
"SO-12077","2025-03-30","P102","Enchanted Milk Chocolate","73","CUST-1034"
"SO-12078","2026-08-16","P101","Magical Dark Chocolate","48","CUST-1040"
"SO-12079","2023-08-18","P101","Magical Dark Chocolate","12","CUST-1326"
"SO-12080","2026-01-02","P102","Enchanted Milk Chocolate","26","CUST-1461"
"SO-12081","2024-09-08","P101","Magical Dark Chocolate","197","CUST-1448"
"SO-12082","2023-04-15","P103","Golden Cocoa Truffles","100","CUST-1339"
"SO-12083","2026-06-17","P102","Enchanted Milk Chocolate","178","CUST-1359"
"SO-12084","2026-02-12","P101","Magical Dark Chocolate","112","CUST-1417"
"SO-12085","2023-05-27","P103","Golden Cocoa Truffles","91","CUST-1030"
"SO-12086","2026-03-26","P201","Mystic White Chocolate","22","CUST-1317"
"SO-12087","2023-05-31","P103","Golden Cocoa Truffles","41","CUST-1092"
"SO-12088","2025-11-10","P102","Enchanted Milk Chocolate","180","CUST-1041"
"SO-12089","2023-09-20","P103","Golden Cocoa Truffles","41","CUST-1231"
"SO-12090","2025-05-11","P103","Golden Cocoa Truffles","64","CUST-1109"
"SO-12091","2022-11-21","P103","Golden Cocoa Truffles","120","CUST-1445"
"SO-12092","2026-07-01","P103","Golden Cocoa Truffles","57","CUST-1110"
"SO-12093","2024-02-06","P201","Mystic White Chocolate","87","CUST-1224"
"SO-12094","2024-10-26","P101","Magical Dark Chocolate","69","CUST-1349"
"SO-12095","2025-07-25","P101","Magical Dark Chocolate","79","CUST-1182"
"SO-12096","2024-06-08","P102","Enchanted Milk Chocolate","100","CUST-1431"
"SO-12097","2026-06-12","P201","Mystic White Chocolate","102","CUST-1279"
"SO-12098","2023-04-20","P103","Golden Cocoa Truffles","177","CUST-1106"
"SO-12099","2026-08-26","P102","Enchanted Milk Chocolate","190","CUST-1247"
"SO-12100","2022-03-09","P102","Enchanted Milk Chocolate","95","CUST-1048"
"SO-12101","2022-03-30","P201","Mystic White Chocolate","192","CUST-1243"
"SO-12102","2023-09-14","P102","Enchanted Milk Chocolate","98","CUST-1299"
"SO-12103","2025-05-09","P201","Mystic White Chocolate","62","CUST-1053"
"SO-12104","2023-08-04","P201","Mystic White Chocolate","90","CUST-1234"
"SO-12105","2024-04-04","P201","Mystic White Chocolate","177","CUST-1304"
"SO-12106","2022-08-01","P101","Magical Dark Chocolate","141","CUST-1174"
"SO-12107","2023-02-08","P102","Enchanted Milk Chocolate","85","CUST-1460"
"SO-12108","2022-03-09","P102","Enchanted Milk Chocolate","38","CUST-1367"
"SO-12109","2023-10-10","P102","Enchanted Milk Chocolate","13","CUST-1446"
"SO-12110","2025-11-03","P103","Golden Cocoa Truffles","47","CUST-1316"
"SO-12111","2022-10-14","P102","Enchanted Milk Chocolate","180","CUST-1456"
"SO-12112","2022-03-07","P102","Enchanted Milk Chocolate","77","CUST-1354"
"SO-12113","2024-10-07","P102","Enchanted Milk Chocolate","112","CUST-1262"
"SO-12114","2024-04-20","P102","Enchanted Milk Chocolate","22","CUST-1318"
"SO-12115","2022-09-16","P101","Magical Dark Chocolate","76","CUST-1237"
"SO-12116","2026-09-22","P101","Magical Dark Chocolate","13","CUST-1087"
"SO-12117","2024-04-09","P103","Golden Cocoa Truffles","185","CUST-1114"
"SO-12118","2022-09-28","P201","Mystic White Chocolate","160","CUST-1462"
"SO-12119","2023-03-31","P103","Golden Cocoa Truffles","189","CUST-1342"
"SO-12120","2024-06-13","P102","Enchanted Milk Chocolate","82","CUST-1387"
"SO-12121","2025-02-13","P101","Magical Dark Chocolate","135","CUST-1330"
"SO-12122","2022-08-11","P103","Golden Cocoa Truffles","111","CUST-1484"
"SO-12123","2024-02-22","P103","Golden Cocoa Truffles","75","CUST-1205"
"SO-12124","2025-01-20","P101","Magical Dark Chocolate","88","CUST-1128"
"SO-12125","2022-09-19","P101","Magical Dark Chocolate","34","CUST-1481"
"SO-12126","2023-09-07","P101","Magical Dark Chocolate","155","CUST-1285"
"SO-12127","2025-02-06","P201","Mystic White Chocolate","126","CUST-1118"
"SO-12128","2024-05-11","P201","Mystic White Chocolate","164","CUST-1181"
"SO-12129","2023-05-16","P102","Enchanted Milk Chocolate","182","CUST-1463"
"SO-12130","2022-09-18","P201","Mystic White Chocolate","92","CUST-1059"
"SO-12131","2024-02-26","P102","Enchanted Milk Chocolate","78","CUST-1156"
"SO-12132","2024-11-25","P101","Magical Dark Chocolate","72","CUST-1297"
"SO-12133","2024-10-28","P103","Golden Cocoa Truffles","125","CUST-1190"
"SO-12134","2022-03-23","P103","Golden Cocoa Truffles","150","CUST-1121"
"SO-12135","2024-11-20","P101","Magical Dark Chocolate","142","CUST-1225"
"SO-12136","2023-04-28","P101","Magical Dark Chocolate","73","CUST-1104"
"SO-12137","2025-03-29","P101","Magical Dark Chocolate","163","CUST-1388"
"SO-12138","2025-04-11","P201","Mystic White Chocolate","36","CUST-1284"
"SO-12139","2025-04-14","P103","Golden Cocoa Truffles","141","CUST-1081"
"SO-12140","2022-01-03","P103","Golden Cocoa Truffles","40","CUST-1334"
"SO-12141","2025-05-21","P102","Enchanted Milk Chocolate","174","CUST-1059"
"SO-12142","2025-04-08","P102","Enchanted Milk Chocolate","64","CUST-1208"
"SO-12143","2026-02-02","P101","Magical Dark Chocolate","175","CUST-1398"
"SO-12144","2026-07-30","P101","Magical Dark Chocolate","136","CUST-1032"
"SO-12145","2024-10-02","P101","Magical Dark Chocolate","120","CUST-1082"
"SO-12146","2022-10-21","P101","Magical Dark Chocolate","43","CUST-1123"
"SO-12147","2022-11-11","P103","Golden Cocoa Truffles","70","CUST-1331"
"SO-12148","2022-07-30","P103","Golden Cocoa Truffles","155","CUST-1092"
"SO-12149","2024-06-26","P102","Enchanted Milk Chocolate","99","CUST-1097"
"SO-12150","2025-10-04","P201","Mystic White Chocolate","41","CUST-1059"
"SO-12151","2026-03-02","P102","Enchanted Milk Chocolate","92","CUST-1091"
"SO-12152","2023-03-30","P201","Mystic White Chocolate","35","CUST-1314"
"SO-12153","2025-05-18","P102","Enchanted Milk Chocolate","49","CUST-1310"
"SO-12154","2024-05-23","P101","Magical Dark Chocolate","110","CUST-1137"
"SO-12155","2025-04-30","P201","Mystic White Chocolate","89","CUST-1127"
"SO-12156","2024-06-13","P102","Enchanted Milk Chocolate","163","CUST-1261"
"SO-12157","2022-02-13","P102","Enchanted Milk Chocolate","87","CUST-1334"
"SO-12158","2022-05-04","P103","Golden Cocoa Truffles","38","CUST-1169"
"SO-12159","2023-02-10","P101","Magical Dark Chocolate","66","CUST-1417"
"SO-12160","2025-03-24","P201","Mystic White Chocolate","194","CUST-1377"
"SO-12161","2022-01-14","P102","Enchanted Milk Chocolate","51","CUST-1138"
"SO-12162","2023-10-29","P101","Magical Dark Chocolate","108","CUST-1501"
"SO-12163","2023-11-09","P101","Magical Dark Chocolate","33","CUST-1457"
"SO-12164","2025-03-28","P101","Magical Dark Chocolate","106","CUST-1406"
"SO-12165","2024-08-06","P102","Enchanted Milk Chocolate","27","CUST-1286"
"SO-12166","2023-07-14","P201","Mystic White Chocolate","146","CUST-1291"
"SO-12167","2022-04-02","P201","Mystic White Chocolate","56","CUST-1400"
"SO-12168","2024-02-09","P101","Magical Dark Chocolate","94","CUST-1404"
"SO-12169","2022-06-20","P102","Enchanted Milk Chocolate","46","CUST-1135"
"SO-12170","2026-08-10","P101","Magical Dark Chocolate","73","CUST-1011"
"SO-12171","2026-07-28","P101","Magical Dark Chocolate","82","CUST-1166"
"SO-12172","2024-05-14","P102","Enchanted Milk Chocolate","190","CUST-1178"
"SO-12173","2023-10-07","P101","Magical Dark Chocolate","166","CUST-1182"
"SO-12174","2022-12-24","P103","Golden Cocoa Truffles","172","CUST-1026"
"SO-12175","2026-04-25","P103","Golden Cocoa Truffles","90","CUST-1475"
"SO-12176","2022-02-15","P103","Golden Cocoa Truffles","123","CUST-1382"
"SO-12177","2022-01-30","P103","Golden Cocoa Truffles","177","CUST-1383"
"SO-12178","2024-03-20","P103","Golden Cocoa Truffles","82","CUST-1239"
"SO-12179","2023-07-24","P102","Enchanted Milk Chocolate","182","CUST-1009"
"SO-12180","2022-12-11","P102","Enchanted Milk Chocolate","167","CUST-1044"
"SO-12181","2025-11-18","P102","Enchanted Milk Chocolate","122","CUST-1316"
"SO-12182","2026-02-02","P102","Enchanted Milk Chocolate","32","CUST-1208"
"SO-12183","2024-05-22","P201","Mystic White Chocolate","33","CUST-1460"
"SO-12184","2025-10-28","P201","Mystic White Chocolate","121","CUST-1191"
"SO-12185","2026-05-15","P103","Golden Cocoa Truffles","155","CUST-1190"
"SO-12186","2023-08-25","P101","Magical Dark Chocolate","57","CUST-1032"
"SO-12187","2022-08-18","P101","Magical Dark Chocolate","181","CUST-1421"
"SO-12188","2026-03-07","P101","Magical Dark Chocolate","195","CUST-1394"
"SO-12189","2022-05-28","P103","Golden Cocoa Truffles","171","CUST-1215"
"SO-12190","2026-03-29","P101","Magical Dark Chocolate","135","CUST-1095"
"SO-12191","2024-01-13","P103","Golden Cocoa Truffles","145","CUST-1332"
"SO-12192","2024-10-18","P201","Mystic White Chocolate","22","CUST-1069"
"SO-12193","2025-10-17","P201","Mystic White Chocolate","188","CUST-1213"
"SO-12194","2023-07-26","P201","Mystic White Chocolate","20","CUST-1239"
"SO-12195","2023-05-05","P201","Mystic White Chocolate","49","CUST-1211"
"SO-12196","2025-09-01","P101","Magical Dark Chocolate","189","CUST-1305"
"SO-12197","2022-09-25","P101","Magical Dark Chocolate","52","CUST-1110"
"SO-12198","2022-02-22","P101","Magical Dark Chocolate","168","CUST-1312"
"SO-12199","2026-07-19","P201","Mystic White Chocolate","132","CUST-1501"
"SO-12200","2026-01-21","P201","Mystic White Chocolate","107","CUST-1051"
"SO-12201","2022-04-05","P103","Golden Cocoa Truffles","174","CUST-1368"
"SO-12202","2023-09-14","P103","Golden Cocoa Truffles","200","CUST-1101"
"SO-12203","2023-11-09","P102","Enchanted Milk Chocolate","168","CUST-1143"
"SO-12204","2024-02-12","P201","Mystic White Chocolate","198","CUST-1196"
"SO-12205","2022-05-28","P102","Enchanted Milk Chocolate","92","CUST-1284"
"SO-12206","2023-02-07","P102","Enchanted Milk Chocolate","100","CUST-1388"
"SO-12207","2025-06-30","P201","Mystic White Chocolate","13","CUST-1060"
"SO-12208","2024-09-20","P201","Mystic White Chocolate","11","CUST-1477"
"SO-12209","2026-04-06","P101","Magical Dark Chocolate","52","CUST-1411"
"SO-12210","2022-08-17","P103","Golden Cocoa Truffles","25","CUST-1261"
"SO-12211","2022-09-21","P101","Magical Dark Chocolate","25","CUST-1177"
"SO-12212","2024-10-09","P201","Mystic White Chocolate","167","CUST-1292"
"SO-12213","2022-01-04","P102","Enchanted Milk Chocolate","73","CUST-1351"
"SO-12214","2025-04-08","P103","Golden Cocoa Truffles","27","CUST-1174"
"SO-12215","2024-08-30","P101","Magical Dark Chocolate","185","CUST-1427"
"SO-12216","2025-12-04","P201","Mystic White Chocolate","146","CUST-1017"
"SO-12217","2025-10-29","P103","Golden Cocoa Truffles","159","CUST-1268"
"SO-12218","2023-01-09","P101","Magical Dark Chocolate","198","CUST-1390"
"SO-12219","2025-01-16","P102","Enchanted Milk Chocolate","43","CUST-1410"
"SO-12220","2025-12-05","P102","Enchanted Milk Chocolate","56","CUST-1117"
"SO-12221","2023-06-21","P201","Mystic White Chocolate","125","CUST-1325"
"SO-12222","2024-11-23","P103","Golden Cocoa Truffles","69","CUST-1338"
"SO-12223","2026-04-27","P201","Mystic White Chocolate","26","CUST-1208"
"SO-12224","2023-05-18","P201","Mystic White Chocolate","164","CUST-1134"
"SO-12225","2026-07-03","P101","Magical Dark Chocolate","51","CUST-1423"
"SO-12226","2025-07-25","P101","Magical Dark Chocolate","22","CUST-1253"
"SO-12227","2022-02-07","P102","Enchanted Milk Chocolate","119","CUST-1332"
"SO-12228","2022-02-17","P201","Mystic White Chocolate","114","CUST-1379"
"SO-12229","2024-06-17","P102","Enchanted Milk Chocolate","102","CUST-1440"
"SO-12230","2022-02-07","P103","Golden Cocoa Truffles","157","CUST-1458"
"SO-12231","2025-04-24","P101","Magical Dark Chocolate","110","CUST-1303"
"SO-12232","2025-11-17","P101","Magical Dark Chocolate","117","CUST-1062"
"SO-12233","2022-06-21","P103","Golden Cocoa Truffles","121","CUST-1219"
"SO-12234","2025-10-23","P101","Magical Dark Chocolate","99","CUST-1120"
"SO-12235","2023-10-15","P103","Golden Cocoa Truffles","80","CUST-1188"
"SO-12236","2025-11-30","P101","Magical Dark Chocolate","130","CUST-1234"
"SO-12237","2023-05-22","P103","Golden Cocoa Truffles","194","CUST-1083"
"SO-12238","2022-12-18","P103","Golden Cocoa Truffles","13","CUST-1400"
"SO-12239","2024-07-30","P103","Golden Cocoa Truffles","148","CUST-1347"
"SO-12240","2023-11-19","P103","Golden Cocoa Truffles","44","CUST-1088"
"SO-12241","2023-12-05","P103","Golden Cocoa Truffles","39","CUST-1208"
"SO-12242","2023-01-13","P102","Enchanted Milk Chocolate","53","CUST-1392"
"SO-12243","2022-05-21","P201","Mystic White Chocolate","160","CUST-1094"
"SO-12244","2026-03-17","P101","Magical Dark Chocolate","154","CUST-1339"
"SO-12245","2024-06-18","P101","Magical Dark Chocolate","139","CUST-1349"
"SO-12246","2022-07-12","P102","Enchanted Milk Chocolate","85","CUST-1216"
"SO-12247","2022-01-06","P101","Magical Dark Chocolate","180","CUST-1441"
"SO-12248","2026-05-01","P201","Mystic White Chocolate","162","CUST-1457"
"SO-12249","2022-10-03","P102","Enchanted Milk Chocolate","180","CUST-1424"
"SO-12250","2022-04-01","P103","Golden Cocoa Truffles","154","CUST-1256"
"SO-12251","2022-10-07","P101","Magical Dark Chocolate","178","CUST-1246"
"SO-12252","2022-09-29","P201","Mystic White Chocolate","105","CUST-1286"
"SO-12253","2026-04-18","P102","Enchanted Milk Chocolate","84","CUST-1454"
"SO-12254","2026-07-10","P201","Mystic White Chocolate","105","CUST-1106"
"SO-12255","2023-04-01","P101","Magical Dark Chocolate","148","CUST-1119"
"SO-12256","2026-02-23","P101","Magical Dark Chocolate","23","CUST-1492"
"SO-12257","2022-07-27","P103","Golden Cocoa Truffles","100","CUST-1476"
"SO-12258","2025-12-07","P103","Golden Cocoa Truffles","134","CUST-1147"
"SO-12259","2026-04-18","P103","Golden Cocoa Truffles","177","CUST-1323"
"SO-12260","2022-07-26","P101","Magical Dark Chocolate","109","CUST-1473"
"SO-12261","2023-10-01","P201","Mystic White Chocolate","129","CUST-1066"
"SO-12262","2022-11-14","P201","Mystic White Chocolate","36","CUST-1385"
"SO-12263","2022-06-16","P103","Golden Cocoa Truffles","165","CUST-1396"
"SO-12264","2025-05-16","P201","Mystic White Chocolate","81","CUST-1448"
"SO-12265","2023-04-30","P103","Golden Cocoa Truffles","34","CUST-1043"
"SO-12266","2026-09-18","P201","Mystic White Chocolate","46","CUST-1373"
"SO-12267","2022-05-12","P101","Magical Dark Chocolate","168","CUST-1049"
"SO-12268","2023-11-04","P101","Magical Dark Chocolate","126","CUST-1296"
"SO-12269","2023-08-03","P103","Golden Cocoa Truffles","18","CUST-1479"
"SO-12270","2024-11-02","P102","Enchanted Milk Chocolate","137","CUST-1408"
"SO-12271","2024-05-04","P102","Enchanted Milk Chocolate","139","CUST-1218"
"SO-12272","2026-07-21","P101","Magical Dark Chocolate","54","CUST-1415"
"SO-12273","2024-07-26","P101","Magical Dark Chocolate","171","CUST-1214"
"SO-12274","2025-09-20","P201","Mystic White Chocolate","133","CUST-1022"
"SO-12275","2024-01-28","P101","Magical Dark Chocolate","180","CUST-1169"
"SO-12276","2022-07-13","P103","Golden Cocoa Truffles","168","CUST-1387"
"SO-12277","2026-07-07","P103","Golden Cocoa Truffles","112","CUST-1188"
"SO-12278","2023-09-21","P101","Magical Dark Chocolate","172","CUST-1134"
"SO-12279","2022-08-12","P101","Magical Dark Chocolate","56","CUST-1404"
"SO-12280","2025-10-30","P201","Mystic White Chocolate","128","CUST-1188"
"SO-12281","2024-12-13","P101","Magical Dark Chocolate","100","CUST-1373"
"SO-12282","2025-06-04","P102","Enchanted Milk Chocolate","33","CUST-1009"
"SO-12283","2024-10-16","P101","Magical Dark Chocolate","56","CUST-1215"
"SO-12284","2022-09-20","P102","Enchanted Milk Chocolate","21","CUST-1371"
"SO-12285","2022-11-19","P101","Magical Dark Chocolate","138","CUST-1327"
"SO-12286","2023-12-23","P103","Golden Cocoa Truffles","104","CUST-1389"
"SO-12287","2024-12-25","P103","Golden Cocoa Truffles","159","CUST-1161"
"SO-12288","2022-03-25","P201","Mystic White Chocolate","138","CUST-1364"
"SO-12289","2025-09-08","P102","Enchanted Milk Chocolate","183","CUST-1288"
"SO-12290","2025-01-19","P201","Mystic White Chocolate","23","CUST-1042"
"SO-12291","2024-05-28","P201","Mystic White Chocolate","19","CUST-1202"
"SO-12292","2024-03-01","P103","Golden Cocoa Truffles","62","CUST-1440"
"SO-12293","2022-10-04","P101","Magical Dark Chocolate","161","CUST-1293"
"SO-12294","2025-09-28","P201","Mystic White Chocolate","189","CUST-1386"
"SO-12295","2025-10-23","P101","Magical Dark Chocolate","148","CUST-1262"
"SO-12296","2026-06-07","P101","Magical Dark Chocolate","76","CUST-1142"
"SO-12297","2023-06-08","P103","Golden Cocoa Truffles","143","CUST-1336"
"SO-12298","2024-02-09","P103","Golden Cocoa Truffles","46","CUST-1177"
"SO-12299","2026-04-07","P103","Golden Cocoa Truffles","141","CUST-1141"
"SO-12300","2024-12-03","P101","Magical Dark Chocolate","200","CUST-1041"
"SO-12301","2022-10-07","P103","Golden Cocoa Truffles","145","CUST-1127"
"SO-12302","2022-03-31","P102","Enchanted Milk Chocolate","175","CUST-1075"
"SO-12303","2025-06-05","P103","Golden Cocoa Truffles","106","CUST-1136"
"SO-12304","2023-02-01","P103","Golden Cocoa Truffles","91","CUST-1092"
"SO-12305","2022-08-18","P103","Golden Cocoa Truffles","89","CUST-1352"
"SO-12306","2023-06-06","P102","Enchanted Milk Chocolate","107","CUST-1162"
"SO-12307","2023-09-14","P102","Enchanted Milk Chocolate","64","CUST-1140"
"SO-12308","2025-06-26","P103","Golden Cocoa Truffles","189","CUST-1108"
"SO-12309","2024-02-14","P102","Enchanted Milk Chocolate","109","CUST-1376"
"SO-12310","2025-10-22","P102","Enchanted Milk Chocolate","135","CUST-1438"
"SO-12311","2022-05-12","P102","Enchanted Milk Chocolate","138","CUST-1047"
"SO-12312","2022-04-13","P201","Mystic White Chocolate","22","CUST-1328"
"SO-12313","2024-08-29","P102","Enchanted Milk Chocolate","188","CUST-1297"
"SO-12314","2022-01-25","P201","Mystic White Chocolate","157","CUST-1347"
"SO-12315","2026-08-24","P201","Mystic White Chocolate","159","CUST-1274"
"SO-12316","2024-04-05","P102","Enchanted Milk Chocolate","113","CUST-1472"
"SO-12317","2023-08-05","P101","Magical Dark Chocolate","19","CUST-1227"
"SO-12318","2024-02-20","P103","Golden Cocoa Truffles","140","CUST-1489"
"SO-12319","2023-05-31","P101","Magical Dark Chocolate","158","CUST-1184"
"SO-12320","2024-03-02","P103","Golden Cocoa Truffles","97","CUST-1300"
"SO-12321","2022-12-30","P103","Golden Cocoa Truffles","142","CUST-1152"
"SO-12322","2026-01-19","P102","Enchanted Milk Chocolate","195","CUST-1046"
"SO-12323","2024-10-05","P201","Mystic White Chocolate","142","CUST-1144"
"SO-12324","2023-03-26","P102","Enchanted Milk Chocolate","190","CUST-1371"
"SO-12325","2026-05-30","P101","Magical Dark Chocolate","176","CUST-1472"
"SO-12326","2024-01-19","P101","Magical Dark Chocolate","144","CUST-1397"
"SO-12327","2023-03-21","P101","Magical Dark Chocolate","160","CUST-1072"
"SO-12328","2022-05-27","P102","Enchanted Milk Chocolate","155","CUST-1118"
"SO-12329","2024-01-23","P201","Mystic White Chocolate","145","CUST-1248"
"SO-12330","2026-02-28","P201","Mystic White Chocolate","15","CUST-1050"
"SO-12331","2024-08-03","P103","Golden Cocoa Truffles","16","CUST-1354"
"SO-12332","2025-01-23","P103","Golden Cocoa Truffles","40","CUST-1455"
"SO-12333","2022-09-18","P103","Golden Cocoa Truffles","89","CUST-1242"
"SO-12334","2025-04-11","P102","Enchanted Milk Chocolate","128","CUST-1360"
"SO-12335","2025-03-29","P101","Magical Dark Chocolate","125","CUST-1087"
"SO-12336","2022-09-02","P102","Enchanted Milk Chocolate","56","CUST-1113"
"SO-12337","2022-07-14","P101","Magical Dark Chocolate","72","CUST-1227"
"SO-12338","2022-12-04","P201","Mystic White Chocolate","44","CUST-1090"
"SO-12339","2026-07-15","P201","Mystic White Chocolate","105","CUST-1274"
"SO-12340","2025-07-04","P201","Mystic White Chocolate","121","CUST-1227"
"SO-12341","2025-02-05","P102","Enchanted Milk Chocolate","82","CUST-1017"
"SO-12342","2024-11-01","P103","Golden Cocoa Truffles","95","CUST-1306"
"SO-12343","2025-12-10","P102","Enchanted Milk Chocolate","179","CUST-1443"
"SO-12344","2022-09-03","P103","Golden Cocoa Truffles","121","CUST-1106"
"SO-12345","2023-05-24","P101","Magical Dark Chocolate","18","CUST-1285"
"SO-12346","2025-11-13","P103","Golden Cocoa Truffles","158","CUST-1416"
"SO-12347","2022-04-29","P103","Golden Cocoa Truffles","126","CUST-1442"
"SO-12348","2023-02-18","P101","Magical Dark Chocolate","126","CUST-1328"
"SO-12349","2025-11-07","P102","Enchanted Milk Chocolate","187","CUST-1290"
"SO-12350","2024-02-02","P201","Mystic White Chocolate","172","CUST-1153"
"SO-12351","2024-10-06","P103","Golden Cocoa Truffles","109","CUST-1167"
"SO-12352","2024-01-17","P201","Mystic White Chocolate","164","CUST-1312"
"SO-12353","2026-01-25","P103","Golden Cocoa Truffles","94","CUST-1316"
"SO-12354","2022-09-08","P101","Magical Dark Chocolate","16","CUST-1324"
"SO-12355","2022-03-03","P102","Enchanted Milk Chocolate","39","CUST-1386"
"SO-12356","2024-07-26","P103","Golden Cocoa Truffles","109","CUST-1365"
"SO-12357","2023-01-02","P102","Enchanted Milk Chocolate","128","CUST-1158"
"SO-12358","2023-03-27","P101","Magical Dark Chocolate","47","CUST-1200"
"SO-12359","2025-05-30","P103","Golden Cocoa Truffles","135","CUST-1360"
"SO-12360","2023-10-07","P201","Mystic White Chocolate","140","CUST-1197"
"SO-12361","2024-10-12","P102","Enchanted Milk Chocolate","30","CUST-1317"
"SO-12362","2025-03-06","P201","Mystic White Chocolate","196","CUST-1375"
"SO-12363","2025-07-27","P103","Golden Cocoa Truffles","138","CUST-1171"
"SO-12364","2026-06-07","P101","Magical Dark Chocolate","154","CUST-1415"
"SO-12365","2026-09-14","P102","Enchanted Milk Chocolate","49","CUST-1207"
"SO-12366","2022-01-19","P201","Mystic White Chocolate","114","CUST-1367"
"SO-12367","2022-06-21","P102","Enchanted Milk Chocolate","175","CUST-1191"
"SO-12368","2022-05-06","P102","Enchanted Milk Chocolate","37","CUST-1304"
"SO-12369","2024-04-19","P102","Enchanted Milk Chocolate","199","CUST-1148"
"SO-12370","2022-02-24","P101","Magical Dark Chocolate","83","CUST-1443"
"SO-12371","2024-11-07","P102","Enchanted Milk Chocolate","70","CUST-1438"
"SO-12372","2023-09-01","P103","Golden Cocoa Truffles","113","CUST-1398"
"SO-12373","2025-05-15","P102","Enchanted Milk Chocolate","51","CUST-1071"
"SO-12374","2025-09-08","P103","Golden Cocoa Truffles","28","CUST-1382"
"SO-12375","2022-07-23","P201","Mystic White Chocolate","179","CUST-1017"
"SO-12376","2025-12-19","P101","Magical Dark Chocolate","52","CUST-1036"
"SO-12377","2022-04-05","P103","Golden Cocoa Truffles","34","CUST-1226"
"SO-12378","2024-01-11","P102","Enchanted Milk Chocolate","11","CUST-1004"
"SO-12379","2023-03-04","P201","Mystic White Chocolate","23","CUST-1358"
"SO-12380","2023-03-31","P101","Magical Dark Chocolate","48","CUST-1003"
"SO-12381","2025-01-24","P201","Mystic White Chocolate","177","CUST-1087"
"SO-12382","2025-04-30","P201","Mystic White Chocolate","104","CUST-1148"
"SO-12383","2023-01-29","P103","Golden Cocoa Truffles","45","CUST-1491"
"SO-12384","2023-03-01","P101","Magical Dark Chocolate","82","CUST-1342"
"SO-12385","2025-06-22","P201","Mystic White Chocolate","38","CUST-1160"
"SO-12386","2025-12-20","P103","Golden Cocoa Truffles","125","CUST-1197"
"SO-12387","2025-10-10","P101","Magical Dark Chocolate","104","CUST-1171"
"SO-12388","2024-07-10","P102","Enchanted Milk Chocolate","49","CUST-1256"
"SO-12389","2023-03-13","P102","Enchanted Milk Chocolate","59","CUST-1461"
"SO-12390","2023-09-16","P101","Magical Dark Chocolate","46","CUST-1197"
"SO-12391","2023-02-12","P201","Mystic White Chocolate","194","CUST-1162"
"SO-12392","2025-03-22","P103","Golden Cocoa Truffles","132","CUST-1114"
"SO-12393","2022-08-28","P201","Mystic White Chocolate","51","CUST-1216"
"SO-12394","2025-11-09","P101","Magical Dark Chocolate","158","CUST-1151"
"SO-12395","2023-09-13","P101","Magical Dark Chocolate","151","CUST-1498"
"SO-12396","2025-09-19","P103","Golden Cocoa Truffles","189","CUST-1158"
"SO-12397","2023-04-19","P101","Magical Dark Chocolate","159","CUST-1305"
"SO-12398","2024-07-28","P102","Enchanted Milk Chocolate","114","CUST-1354"
"SO-12399","2024-06-03","P101","Magical Dark Chocolate","124","CUST-1325"
"SO-12400","2023-05-06","P102","Enchanted Milk Chocolate","71","CUST-1177"
"SO-12401","2024-07-26","P201","Mystic White Chocolate","85","CUST-1252"
"SO-12402","2023-12-04","P101","Magical Dark Chocolate","143","CUST-1348"
"SO-12403","2022-04-20","P102","Enchanted Milk Chocolate","139","CUST-1225"
"SO-12404","2025-06-29","P101","Magical Dark Chocolate","55","CUST-1252"
"SO-12405","2024-06-19","P201","Mystic White Chocolate","137","CUST-1401"
"SO-12406","2022-03-24","P102","Enchanted Milk Chocolate","141","CUST-1410"
"SO-12407","2026-06-08","P103","Golden Cocoa Truffles","168","CUST-1006"
"SO-12408","2023-09-14","P103","Golden Cocoa Truffles","176","CUST-1065"
"SO-12409","2023-02-21","P101","Magical Dark Chocolate","85","CUST-1422"
"SO-12410","2022-05-22","P201","Mystic White Chocolate","161","CUST-1168"
"SO-12411","2023-08-10","P101","Magical Dark Chocolate","103","CUST-1183"
"SO-12412","2024-06-30","P103","Golden Cocoa Truffles","71","CUST-1197"
"SO-12413","2026-09-23","P101","Magical Dark Chocolate","96","CUST-1019"
"SO-12414","2024-10-15","P201","Mystic White Chocolate","88","CUST-1119"
"SO-12415","2023-05-03","P201","Mystic White Chocolate","148","CUST-1006"
"SO-12416","2022-08-06","P201","Mystic White Chocolate","68","CUST-1032"
"SO-12417","2023-12-20","P101","Magical Dark Chocolate","101","CUST-1434"
"SO-12418","2022-03-22","P103","Golden Cocoa Truffles","146","CUST-1035"
"SO-12419","2025-09-11","P201","Mystic White Chocolate","81","CUST-1263"
"SO-12420","2024-02-11","P101","Magical Dark Chocolate","102","CUST-1075"
"SO-12421","2026-01-09","P201","Mystic White Chocolate","33","CUST-1120"
"SO-12422","2025-06-20","P201","Mystic White Chocolate","37","CUST-1424"
"SO-12423","2026-04-23","P201","Mystic White Chocolate","82","CUST-1096"
"SO-12424","2023-09-30","P102","Enchanted Milk Chocolate","184","CUST-1190"
"SO-12425","2023-11-03","P101","Magical Dark Chocolate","140","CUST-1046"
"SO-12426","2023-06-12","P101","Magical Dark Chocolate","40","CUST-1318"
"SO-12427","2026-03-27","P101","Magical Dark Chocolate","109","CUST-1117"
"SO-12428","2023-11-22","P101","Magical Dark Chocolate","78","CUST-1217"
"SO-12429","2025-09-29","P201","Mystic White Chocolate","99","CUST-1410"
"SO-12430","2025-06-14","P101","Magical Dark Chocolate","83","CUST-1030"
"SO-12431","2026-05-24","P102","Enchanted Milk Chocolate","58","CUST-1035"
"SO-12432","2022-03-29","P103","Golden Cocoa Truffles","193","CUST-1487"
"SO-12433","2024-08-28","P101","Magical Dark Chocolate","38","CUST-1321"
"SO-12434","2022-06-07","P101","Magical Dark Chocolate","55","CUST-1323"
"SO-12435","2022-05-06","P103","Golden Cocoa Truffles","124","CUST-1462"
"SO-12436","2025-02-10","P201","Mystic White Chocolate","101","CUST-1372"
"SO-12437","2024-01-17","P102","Enchanted Milk Chocolate","95","CUST-1206"
"SO-12438","2023-10-12","P201","Mystic White Chocolate","66","CUST-1186"
"SO-12439","2024-11-06","P102","Enchanted Milk Chocolate","132","CUST-1080"
"SO-12440","2023-10-08","P102","Enchanted Milk Chocolate","63","CUST-1444"
"SO-12441","2024-12-12","P101","Magical Dark Chocolate","46","CUST-1092"
"SO-12442","2024-05-03","P102","Enchanted Milk Chocolate","141","CUST-1267"
"SO-12443","2026-08-08","P103","Golden Cocoa Truffles","158","CUST-1347"
"SO-12444","2023-03-22","P102","Enchanted Milk Chocolate","139","CUST-1464"
"SO-12445","2025-10-31","P101","Magical Dark Chocolate","23","CUST-1338"
"SO-12446","2025-10-14","P101","Magical Dark Chocolate","34","CUST-1262"
"SO-12447","2026-07-06","P101","Magical Dark Chocolate","94","CUST-1445"
"SO-12448","2023-11-20","P103","Golden Cocoa Truffles","149","CUST-1340"
"SO-12449","2023-12-18","P101","Magical Dark Chocolate","112","CUST-1300"
"SO-12450","2024-10-10","P201","Mystic White Chocolate","48","CUST-1245"
"SO-12451","2024-06-25","P103","Golden Cocoa Truffles","56","CUST-1324"
"SO-12452","2025-02-28","P103","Golden Cocoa Truffles","200","CUST-1480"
"SO-12453","2024-12-31","P102","Enchanted Milk Chocolate","127","CUST-1129"
"SO-12454","2022-05-29","P101","Magical Dark Chocolate","54","CUST-1418"
"SO-12455","2024-04-01","P201","Mystic White Chocolate","41","CUST-1111"
"SO-12456","2023-09-01","P102","Enchanted Milk Chocolate","97","CUST-1068"
"SO-12457","2026-09-14","P201","Mystic White Chocolate","71","CUST-1492"
"SO-12458","2023-04-20","P102","Enchanted Milk Chocolate","17","CUST-1375"
"SO-12459","2022-10-11","P102","Enchanted Milk Chocolate","46","CUST-1140"
"SO-12460","2024-07-06","P101","Magical Dark Chocolate","170","CUST-1455"
"SO-12461","2025-04-20","P102","Enchanted Milk Chocolate","147","CUST-1365"
"SO-12462","2024-05-21","P103","Golden Cocoa Truffles","133","CUST-1256"
"SO-12463","2022-10-18","P103","Golden Cocoa Truffles","92","CUST-1162"
"SO-12464","2023-07-11","P201","Mystic White Chocolate","136","CUST-1276"
"SO-12465","2022-02-16","P201","Mystic White Chocolate","28","CUST-1079"
"SO-12466","2025-12-21","P201","Mystic White Chocolate","54","CUST-1412"
"SO-12467","2025-09-21","P102","Enchanted Milk Chocolate","111","CUST-1461"
"SO-12468","2026-06-06","P101","Magical Dark Chocolate","37","CUST-1128"
"SO-12469","2025-03-18","P201","Mystic White Chocolate","75","CUST-1402"
"SO-12470","2025-11-03","P103","Golden Cocoa Truffles","130","CUST-1156"
"SO-12471","2023-06-28","P103","Golden Cocoa Truffles","23","CUST-1283"
"SO-12472","2022-03-27","P101","Magical Dark Chocolate","138","CUST-1059"
"SO-12473","2022-08-08","P201","Mystic White Chocolate","27","CUST-1291"
"SO-12474","2025-04-22","P101","Magical Dark Chocolate","80","CUST-1076"
"SO-12475","2026-08-23","P103","Golden Cocoa Truffles","155","CUST-1140"
"SO-12476","2022-05-21","P103","Golden Cocoa Truffles","120","CUST-1170"
"SO-12477","2025-04-07","P102","Enchanted Milk Chocolate","138","CUST-1081"
"SO-12478","2025-01-02","P103","Golden Cocoa Truffles","97","CUST-1330"
"SO-12479","2023-02-08","P102","Enchanted Milk Chocolate","73","CUST-1269"
"SO-12480","2022-10-27","P201","Mystic White Chocolate","10","CUST-1102"
"SO-12481","2022-08-07","P103","Golden Cocoa Truffles","199","CUST-1357"
"SO-12482","2022-06-13","P102","Enchanted Milk Chocolate","172","CUST-1097"
"SO-12483","2024-08-21","P101","Magical Dark Chocolate","110","CUST-1285"
"SO-12484","2023-01-04","P103","Golden Cocoa Truffles","166","CUST-1058"
"SO-12485","2026-07-27","P102","Enchanted Milk Chocolate","14","CUST-1353"
"SO-12486","2023-07-04","P201","Mystic White Chocolate","151","CUST-1205"
"SO-12487","2022-10-15","P201","Mystic White Chocolate","172","CUST-1380"
"SO-12488","2022-10-12","P201","Mystic White Chocolate","151","CUST-1474"
"SO-12489","2023-10-30","P101","Magical Dark Chocolate","130","CUST-1241"
"SO-12490","2026-03-05","P103","Golden Cocoa Truffles","183","CUST-1143"
"SO-12491","2025-12-16","P102","Enchanted Milk Chocolate","79","CUST-1032"
"SO-12492","2022-10-03","P103","Golden Cocoa Truffles","58","CUST-1185"
"SO-12493","2024-06-01","P201","Mystic White Chocolate","165","CUST-1258"
"SO-12494","2024-06-28","P102","Enchanted Milk Chocolate","59","CUST-1398"
"SO-12495","2025-08-25","P103","Golden Cocoa Truffles","118","CUST-1113"
"SO-12496","2022-02-06","P101","Magical Dark Chocolate","162","CUST-1437"
"SO-12497","2024-11-10","P101","Magical Dark Chocolate","164","CUST-1116"
"SO-12498","2022-08-17","P103","Golden Cocoa Truffles","123","CUST-1462"
"SO-12499","2022-08-02","P103","Golden Cocoa Truffles","106","CUST-1067"
"SO-12500","2022-05-24","P101","Magical Dark Chocolate","136","CUST-1382"
"SO-12501","2024-11-01","P103","Golden Cocoa Truffles","191","CUST-1117"
"SO-12502","2023-07-10","P102","Enchanted Milk Chocolate","50","CUST-1027"
"SO-12503","2026-05-16","P101","Magical Dark Chocolate","132","CUST-1327"
"SO-12504","2023-06-17","P201","Mystic White Chocolate","35","CUST-1119"
"SO-12505","2024-05-01","P102","Enchanted Milk Chocolate","33","CUST-1420"
"SO-12506","2022-03-24","P103","Golden Cocoa Truffles","133","CUST-1239"
"SO-12507","2024-11-30","P101","Magical Dark Chocolate","43","CUST-1119"
"SO-12508","2024-08-14","P103","Golden Cocoa Truffles","102","CUST-1286"
"SO-12509","2023-04-02","P101","Magical Dark Chocolate","70","CUST-1492"
"SO-12510","2025-10-20","P101","Magical Dark Chocolate","141","CUST-1450"
"SO-12511","2026-03-16","P103","Golden Cocoa Truffles","167","CUST-1041"
"SO-12512","2022-07-22","P102","Enchanted Milk Chocolate","91","CUST-1224"
"SO-12513","2025-03-27","P102","Enchanted Milk Chocolate","76","CUST-1212"
"SO-12514","2023-10-14","P102","Enchanted Milk Chocolate","101","CUST-1247"
"SO-12515","2022-04-12","P101","Magical Dark Chocolate","84","CUST-1295"
"SO-12516","2024-02-02","P201","Mystic White Chocolate","49","CUST-1199"
"SO-12517","2022-01-25","P201","Mystic White Chocolate","157","CUST-1489"
"SO-12518","2024-07-11","P101","Magical Dark Chocolate","105","CUST-1101"
"SO-12519","2026-09-28","P101","Magical Dark Chocolate","14","CUST-1035"
"SO-12520","2022-05-20","P101","Magical Dark Chocolate","189","CUST-1107"
"SO-12521","2023-03-01","P101","Magical Dark Chocolate","35","CUST-1125"
"SO-12522","2023-03-02","P101","Magical Dark Chocolate","54","CUST-1496"
"SO-12523","2026-03-07","P201","Mystic White Chocolate","86","CUST-1478"
"SO-12524","2023-01-02","P101","Magical Dark Chocolate","51","CUST-1322"
"SO-12525","2023-01-20","P201","Mystic White Chocolate","114","CUST-1109"
"SO-12526","2023-09-17","P101","Magical Dark Chocolate","63","CUST-1196"
"SO-12527","2022-10-05","P101","Magical Dark Chocolate","168","CUST-1481"
"SO-12528","2022-07-12","P201","Mystic White Chocolate","30","CUST-1201"
"SO-12529","2023-06-23","P102","Enchanted Milk Chocolate","85","CUST-1015"
"SO-12530","2022-04-17","P201","Mystic White Chocolate","132","CUST-1223"
"SO-12531","2022-08-20","P103","Golden Cocoa Truffles","188","CUST-1440"
"SO-12532","2023-10-09","P101","Magical Dark Chocolate","174","CUST-1468"
"SO-12533","2023-01-20","P201","Mystic White Chocolate","139","CUST-1112"
"SO-12534","2026-04-26","P201","Mystic White Chocolate","150","CUST-1045"
"SO-12535","2026-07-12","P101","Magical Dark Chocolate","164","CUST-1105"
"SO-12536","2024-07-19","P201","Mystic White Chocolate","158","CUST-1168"
"SO-12537","2022-06-18","P102","Enchanted Milk Chocolate","191","CUST-1071"
"SO-12538","2023-01-29","P103","Golden Cocoa Truffles","195","CUST-1456"
"SO-12539","2022-02-18","P103","Golden Cocoa Truffles","78","CUST-1413"
"SO-12540","2022-11-16","P101","Magical Dark Chocolate","63","CUST-1278"
"SO-12541","2022-02-09","P201","Mystic White Chocolate","198","CUST-1399"
"SO-12542","2025-03-13","P103","Golden Cocoa Truffles","48","CUST-1179"
"SO-12543","2023-05-14","P101","Magical Dark Chocolate","131","CUST-1315"
"SO-12544","2026-09-07","P101","Magical Dark Chocolate","130","CUST-1275"
"SO-12545","2024-12-24","P101","Magical Dark Chocolate","172","CUST-1333"
"SO-12546","2025-08-14","P201","Mystic White Chocolate","200","CUST-1275"
"SO-12547","2022-11-06","P102","Enchanted Milk Chocolate","183","CUST-1354"
"SO-12548","2022-09-26","P102","Enchanted Milk Chocolate","109","CUST-1080"
"SO-12549","2024-06-14","P101","Magical Dark Chocolate","143","CUST-1400"
"SO-12550","2022-05-27","P103","Golden Cocoa Truffles","106","CUST-1349"
"SO-12551","2026-08-20","P103","Golden Cocoa Truffles","21","CUST-1099"
"SO-12552","2022-02-12","P101","Magical Dark Chocolate","171","CUST-1053"
"SO-12553","2024-10-01","P102","Enchanted Milk Chocolate","26","CUST-1433"
"SO-12554","2022-06-27","P101","Magical Dark Chocolate","180","CUST-1136"
"SO-12555","2024-02-24","P201","Mystic White Chocolate","13","CUST-1418"
"SO-12556","2023-11-19","P102","Enchanted Milk Chocolate","182","CUST-1417"
"SO-12557","2024-02-18","P103","Golden Cocoa Truffles","117","CUST-1347"
"SO-12558","2026-06-09","P103","Golden Cocoa Truffles","91","CUST-1329"
"SO-12559","2023-09-24","P101","Magical Dark Chocolate","56","CUST-1282"
"SO-12560","2023-12-22","P102","Enchanted Milk Chocolate","32","CUST-1013"
"SO-12561","2022-02-07","P101","Magical Dark Chocolate","96","CUST-1158"
"SO-12562","2025-02-15","P101","Magical Dark Chocolate","57","CUST-1261"
"SO-12563","2022-08-07","P101","Magical Dark Chocolate","37","CUST-1238"
"SO-12564","2026-03-10","P102","Enchanted Milk Chocolate","97","CUST-1002"
"SO-12565","2025-01-14","P103","Golden Cocoa Truffles","149","CUST-1393"
"SO-12566","2025-04-02","P102","Enchanted Milk Chocolate","194","CUST-1238"
"SO-12567","2024-03-21","P103","Golden Cocoa Truffles","124","CUST-1251"
"SO-12568","2025-06-08","P101","Magical Dark Chocolate","172","CUST-1060"
"SO-12569","2023-06-02","P101","Magical Dark Chocolate","39","CUST-1341"
"SO-12570","2024-09-03","P101","Magical Dark Chocolate","159","CUST-1173"
"SO-12571","2023-07-07","P102","Enchanted Milk Chocolate","19","CUST-1490"
"SO-12572","2024-03-25","P201","Mystic White Chocolate","38","CUST-1315"
"SO-12573","2022-11-23","P102","Enchanted Milk Chocolate","129","CUST-1028"
"SO-12574","2023-01-19","P201","Mystic White Chocolate","60","CUST-1302"
"SO-12575","2022-09-14","P201","Mystic White Chocolate","124","CUST-1425"
"SO-12576","2023-04-24","P103","Golden Cocoa Truffles","174","CUST-1325"
"SO-12577","2022-02-06","P102","Enchanted Milk Chocolate","98","CUST-1052"
"SO-12578","2022-09-23","P101","Magical Dark Chocolate","200","CUST-1061"
"SO-12579","2024-01-21","P103","Golden Cocoa Truffles","77","CUST-1183"
"SO-12580","2022-03-08","P201","Mystic White Chocolate","83","CUST-1479"
"SO-12581","2024-04-27","P103","Golden Cocoa Truffles","12","CUST-1060"
"SO-12582","2022-04-24","P201","Mystic White Chocolate","126","CUST-1490"
"SO-12583","2023-05-09","P201","Mystic White Chocolate","86","CUST-1231"
"SO-12584","2022-10-08","P101","Magical Dark Chocolate","107","CUST-1272"
"SO-12585","2025-10-26","P103","Golden Cocoa Truffles","130","CUST-1291"
"SO-12586","2022-01-29","P102","Enchanted Milk Chocolate","61","CUST-1346"
"SO-12587","2022-12-29","P103","Golden Cocoa Truffles","53","CUST-1193"
"SO-12588","2024-06-08","P201","Mystic White Chocolate","83","CUST-1098"
"SO-12589","2026-05-02","P103","Golden Cocoa Truffles","33","CUST-1176"
"SO-12590","2026-09-25","P102","Enchanted Milk Chocolate","129","CUST-1175"
"SO-12591","2023-08-21","P103","Golden Cocoa Truffles","113","CUST-1409"
"SO-12592","2025-05-23","P101","Magical Dark Chocolate","200","CUST-1347"
"SO-12593","2026-07-26","P102","Enchanted Milk Chocolate","62","CUST-1074"
"SO-12594","2022-01-24","P201","Mystic White Chocolate","14","CUST-1158"
"SO-12595","2023-01-02","P101","Magical Dark Chocolate","182","CUST-1379"
"SO-12596","2025-09-17","P103","Golden Cocoa Truffles","80","CUST-1289"
"SO-12597","2022-08-26","P201","Mystic White Chocolate","179","CUST-1307"
"SO-12598","2024-03-31","P101","Magical Dark Chocolate","98","CUST-1202"
"SO-12599","2025-05-04","P201","Mystic White Chocolate","58","CUST-1106"
"SO-12600","2026-07-20","P201","Mystic White Chocolate","170","CUST-1392"
"SO-12601","2022-01-22","P103","Golden Cocoa Truffles","176","CUST-1432"
"SO-12602","2024-08-03","P101","Magical Dark Chocolate","40","CUST-1147"
"SO-12603","2025-12-07","P103","Golden Cocoa Truffles","47","CUST-1229"
"SO-12604","2024-11-21","P201","Mystic White Chocolate","65","CUST-1107"
"SO-12605","2024-07-07","P102","Enchanted Milk Chocolate","32","CUST-1461"
"SO-12606","2022-03-20","P201","Mystic White Chocolate","142","CUST-1286"
"SO-12607","2025-07-20","P102","Enchanted Milk Chocolate","139","CUST-1096"
"SO-12608","2022-03-01","P201","Mystic White Chocolate","198","CUST-1496"
"SO-12609","2026-08-10","P201","Mystic White Chocolate","181","CUST-1282"
"SO-12610","2023-06-30","P103","Golden Cocoa Truffles","170","CUST-1067"
"SO-12611","2025-12-28","P201","Mystic White Chocolate","148","CUST-1210"
"SO-12612","2026-07-16","P103","Golden Cocoa Truffles","51","CUST-1484"
"SO-12613","2025-04-10","P201","Mystic White Chocolate","64","CUST-1288"
"SO-12614","2023-12-06","P101","Magical Dark Chocolate","153","CUST-1223"
"SO-12615","2022-01-25","P201","Mystic White Chocolate","79","CUST-1469"
"SO-12616","2024-11-01","P201","Mystic White Chocolate","46","CUST-1496"
"SO-12617","2023-06-15","P102","Enchanted Milk Chocolate","93","CUST-1220"
"SO-12618","2025-04-14","P102","Enchanted Milk Chocolate","80","CUST-1248"
"SO-12619","2025-10-11","P102","Enchanted Milk Chocolate","102","CUST-1054"
"SO-12620","2022-03-02","P103","Golden Cocoa Truffles","82","CUST-1371"
"SO-12621","2024-03-16","P103","Golden Cocoa Truffles","42","CUST-1286"
"SO-12622","2023-03-15","P102","Enchanted Milk Chocolate","169","CUST-1227"
"SO-12623","2025-03-05","P102","Enchanted Milk Chocolate","142","CUST-1353"
"SO-12624","2024-05-12","P101","Magical Dark Chocolate","113","CUST-1206"
"SO-12625","2022-07-26","P102","Enchanted Milk Chocolate","18","CUST-1369"
"SO-12626","2025-07-17","P102","Enchanted Milk Chocolate","152","CUST-1233"
"SO-12627","2022-04-24","P103","Golden Cocoa Truffles","112","CUST-1015"
"SO-12628","2023-09-25","P201","Mystic White Chocolate","189","CUST-1332"
"SO-12629","2023-10-10","P102","Enchanted Milk Chocolate","95","CUST-1066"
"SO-12630","2024-07-11","P102","Enchanted Milk Chocolate","99","CUST-1196"
"SO-12631","2025-07-01","P101","Magical Dark Chocolate","87","CUST-1052"
"SO-12632","2024-09-19","P102","Enchanted Milk Chocolate","38","CUST-1213"
"SO-12633","2022-06-24","P101","Magical Dark Chocolate","79","CUST-1255"
"SO-12634","2024-03-08","P101","Magical Dark Chocolate","125","CUST-1209"
"SO-12635","2022-10-06","P101","Magical Dark Chocolate","107","CUST-1500"
"SO-12636","2024-08-16","P201","Mystic White Chocolate","39","CUST-1408"
"SO-12637","2022-09-03","P103","Golden Cocoa Truffles","119","CUST-1283"
"SO-12638","2024-03-14","P103","Golden Cocoa Truffles","46","CUST-1437"
"SO-12639","2022-09-01","P101","Magical Dark Chocolate","29","CUST-1123"
"SO-12640","2024-04-17","P102","Enchanted Milk Chocolate","188","CUST-1192"
"SO-12641","2025-01-08","P201","Mystic White Chocolate","177","CUST-1252"
"SO-12642","2022-10-24","P101","Magical Dark Chocolate","161","CUST-1145"
"SO-12643","2022-05-22","P103","Golden Cocoa Truffles","163","CUST-1118"
"SO-12644","2026-05-17","P201","Mystic White Chocolate","12","CUST-1350"
"SO-12645","2024-10-05","P201","Mystic White Chocolate","183","CUST-1029"
"SO-12646","2023-03-06","P101","Magical Dark Chocolate","144","CUST-1424"
"SO-12647","2026-05-21","P103","Golden Cocoa Truffles","198","CUST-1160"
"SO-12648","2023-09-23","P102","Enchanted Milk Chocolate","26","CUST-1169"
"SO-12649","2024-03-17","P201","Mystic White Chocolate","166","CUST-1009"
"SO-12650","2025-10-22","P201","Mystic White Chocolate","74","CUST-1240"
"SO-12651","2022-03-20","P101","Magical Dark Chocolate","66","CUST-1349"
"SO-12652","2023-04-18","P101","Magical Dark Chocolate","105","CUST-1220"
"SO-12653","2022-09-08","P201","Mystic White Chocolate","97","CUST-1021"
"SO-12654","2022-03-06","P201","Mystic White Chocolate","127","CUST-1244"
"SO-12655","2025-10-10","P102","Enchanted Milk Chocolate","32","CUST-1106"
"SO-12656","2022-05-03","P101","Magical Dark Chocolate","174","CUST-1370"
"SO-12657","2025-03-27","P101","Magical Dark Chocolate","37","CUST-1475"
"SO-12658","2023-02-09","P201","Mystic White Chocolate","199","CUST-1277"
"SO-12659","2022-12-27","P101","Magical Dark Chocolate","31","CUST-1140"
"SO-12660","2025-10-14","P103","Golden Cocoa Truffles","150","CUST-1466"
"SO-12661","2023-12-08","P103","Golden Cocoa Truffles","153","CUST-1361"
"SO-12662","2024-03-09","P101","Magical Dark Chocolate","56","CUST-1346"
"SO-12663","2023-12-11","P201","Mystic White Chocolate","167","CUST-1145"
"SO-12664","2022-03-19","P201","Mystic White Chocolate","97","CUST-1072"
"SO-12665","2022-02-23","P101","Magical Dark Chocolate","30","CUST-1372"
"SO-12666","2022-07-05","P102","Enchanted Milk Chocolate","106","CUST-1265"
"SO-12667","2024-10-14","P201","Mystic White Chocolate","85","CUST-1111"
"SO-12668","2024-04-03","P103","Golden Cocoa Truffles","53","CUST-1117"
"SO-12669","2022-04-11","P201","Mystic White Chocolate","103","CUST-1218"
"SO-12670","2024-10-04","P101","Magical Dark Chocolate","97","CUST-1414"
"SO-12671","2022-03-30","P101","Magical Dark Chocolate","97","CUST-1279"
"SO-12672","2023-04-11","P102","Enchanted Milk Chocolate","114","CUST-1056"
"SO-12673","2026-09-20","P201","Mystic White Chocolate","128","CUST-1321"
"SO-12674","2023-11-28","P102","Enchanted Milk Chocolate","105","CUST-1169"
"SO-12675","2022-08-23","P102","Enchanted Milk Chocolate","23","CUST-1149"
"SO-12676","2023-05-08","P102","Enchanted Milk Chocolate","168","CUST-1374"
"SO-12677","2023-08-24","P102","Enchanted Milk Chocolate","163","CUST-1329"
"SO-12678","2026-02-25","P201","Mystic White Chocolate","149","CUST-1110"
"SO-12679","2025-05-01","P102","Enchanted Milk Chocolate","154","CUST-1106"
"SO-12680","2024-06-10","P201","Mystic White Chocolate","115","CUST-1404"
"SO-12681","2025-01-08","P103","Golden Cocoa Truffles","140","CUST-1130"
"SO-12682","2022-02-25","P101","Magical Dark Chocolate","118","CUST-1159"
"SO-12683","2022-12-22","P103","Golden Cocoa Truffles","195","CUST-1196"
"SO-12684","2025-04-06","P102","Enchanted Milk Chocolate","20","CUST-1228"
"SO-12685","2025-07-08","P103","Golden Cocoa Truffles","97","CUST-1455"
"SO-12686","2026-05-16","P103","Golden Cocoa Truffles","175","CUST-1465"
"SO-12687","2025-03-12","P101","Magical Dark Chocolate","196","CUST-1018"
"SO-12688","2024-05-29","P201","Mystic White Chocolate","54","CUST-1088"
"SO-12689","2024-10-29","P102","Enchanted Milk Chocolate","130","CUST-1281"
"SO-12690","2024-11-28","P103","Golden Cocoa Truffles","27","CUST-1316"
"SO-12691","2022-09-18","P103","Golden Cocoa Truffles","88","CUST-1267"
"SO-12692","2023-12-09","P101","Magical Dark Chocolate","77","CUST-1245"
"SO-12693","2022-03-07","P102","Enchanted Milk Chocolate","38","CUST-1421"
"SO-12694","2024-10-10","P101","Magical Dark Chocolate","156","CUST-1060"
"SO-12695","2022-08-06","P103","Golden Cocoa Truffles","90","CUST-1106"
"SO-12696","2023-01-09","P201","Mystic White Chocolate","31","CUST-1497"
"SO-12697","2022-10-07","P102","Enchanted Milk Chocolate","152","CUST-1463"
"SO-12698","2023-12-28","P101","Magical Dark Chocolate","39","CUST-1073"
"SO-12699","2024-08-29","P102","Enchanted Milk Chocolate","73","CUST-1239"
"SO-12700","2025-02-25","P103","Golden Cocoa Truffles","137","CUST-1439"
"SO-12701","2024-06-13","P102","Enchanted Milk Chocolate","69","CUST-1331"
"SO-12702","2022-12-07","P103","Golden Cocoa Truffles","42","CUST-1275"
"SO-12703","2026-06-16","P201","Mystic White Chocolate","181","CUST-1265"
"SO-12704","2022-04-07","P201","Mystic White Chocolate","200","CUST-1206"
"SO-12705","2025-02-13","P102","Enchanted Milk Chocolate","76","CUST-1410"
"SO-12706","2022-02-17","P101","Magical Dark Chocolate","170","CUST-1162"
"SO-12707","2026-05-08","P201","Mystic White Chocolate","199","CUST-1383"
"SO-12708","2023-06-08","P102","Enchanted Milk Chocolate","48","CUST-1430"
"SO-12709","2025-03-23","P201","Mystic White Chocolate","200","CUST-1358"
"SO-12710","2022-03-06","P101","Magical Dark Chocolate","86","CUST-1463"
"SO-12711","2023-01-04","P201","Mystic White Chocolate","114","CUST-1150"
"SO-12712","2026-08-14","P101","Magical Dark Chocolate","191","CUST-1339"
"SO-12713","2024-12-19","P201","Mystic White Chocolate","143","CUST-1047"
"SO-12714","2022-01-24","P201","Mystic White Chocolate","133","CUST-1380"
"SO-12715","2024-03-03","P101","Magical Dark Chocolate","62","CUST-1122"
"SO-12716","2026-08-29","P201","Mystic White Chocolate","95","CUST-1126"
"SO-12717","2024-09-30","P103","Golden Cocoa Truffles","132","CUST-1079"
"SO-12718","2025-03-13","P101","Magical Dark Chocolate","188","CUST-1111"
"SO-12719","2024-12-16","P102","Enchanted Milk Chocolate","159","CUST-1484"
"SO-12720","2025-11-30","P103","Golden Cocoa Truffles","119","CUST-1359"
"SO-12721","2025-04-18","P103","Golden Cocoa Truffles","78","CUST-1494"
"SO-12722","2023-06-12","P101","Magical Dark Chocolate","76","CUST-1143"
"SO-12723","2025-09-12","P102","Enchanted Milk Chocolate","21","CUST-1039"
"SO-12724","2026-06-26","P201","Mystic White Chocolate","80","CUST-1295"
"SO-12725","2025-12-30","P101","Magical Dark Chocolate","96","CUST-1406"
"SO-12726","2024-09-15","P102","Enchanted Milk Chocolate","78","CUST-1086"
"SO-12727","2023-04-05","P101","Magical Dark Chocolate","72","CUST-1199"
"SO-12728","2025-03-07","P102","Enchanted Milk Chocolate","86","CUST-1208"
"SO-12729","2025-01-25","P101","Magical Dark Chocolate","149","CUST-1252"
"SO-12730","2023-07-04","P102","Enchanted Milk Chocolate","14","CUST-1349"
"SO-12731","2025-07-30","P102","Enchanted Milk Chocolate","189","CUST-1437"
"SO-12732","2024-07-31","P101","Magical Dark Chocolate","29","CUST-1191"
"SO-12733","2022-11-03","P102","Enchanted Milk Chocolate","124","CUST-1316"
"SO-12734","2025-03-19","P103","Golden Cocoa Truffles","143","CUST-1120"
"SO-12735","2022-08-24","P102","Enchanted Milk Chocolate","80","CUST-1231"
"SO-12736","2026-09-20","P103","Golden Cocoa Truffles","36","CUST-1080"
"SO-12737","2022-11-09","P101","Magical Dark Chocolate","163","CUST-1407"
"SO-12738","2023-09-28","P201","Mystic White Chocolate","174","CUST-1143"
"SO-12739","2022-10-05","P101","Magical Dark Chocolate","76","CUST-1489"
"SO-12740","2024-11-10","P103","Golden Cocoa Truffles","143","CUST-1330"
"SO-12741","2024-11-09","P101","Magical Dark Chocolate","130","CUST-1422"
"SO-12742","2025-01-24","P103","Golden Cocoa Truffles","142","CUST-1316"
"SO-12743","2024-10-13","P201","Mystic White Chocolate","185","CUST-1316"
"SO-12744","2025-10-11","P201","Mystic White Chocolate","176","CUST-1282"
"SO-12745","2024-06-29","P201","Mystic White Chocolate","23","CUST-1077"
"SO-12746","2026-07-15","P103","Golden Cocoa Truffles","129","CUST-1221"
"SO-12747","2025-08-05","P101","Magical Dark Chocolate","111","CUST-1235"
"SO-12748","2025-06-22","P103","Golden Cocoa Truffles","193","CUST-1416"
"SO-12749","2026-02-17","P201","Mystic White Chocolate","66","CUST-1444"
"SO-12750","2026-09-21","P101","Magical Dark Chocolate","81","CUST-1103"
"SO-12751","2022-03-30","P201","Mystic White Chocolate","180","CUST-1234"
"SO-12752","2023-10-15","P103","Golden Cocoa Truffles","193","CUST-1080"
"SO-12753","2022-02-13","P201","Mystic White Chocolate","169","CUST-1067"
"SO-12754","2022-04-30","P103","Golden Cocoa Truffles","54","CUST-1481"
"SO-12755","2023-05-31","P103","Golden Cocoa Truffles","114","CUST-1256"
"SO-12756","2022-01-02","P103","Golden Cocoa Truffles","169","CUST-1481"
"SO-12757","2023-06-02","P201","Mystic White Chocolate","180","CUST-1007"
"SO-12758","2024-06-24","P201","Mystic White Chocolate","177","CUST-1090"
"SO-12759","2023-12-11","P102","Enchanted Milk Chocolate","38","CUST-1280"
"SO-12760","2023-03-28","P103","Golden Cocoa Truffles","65","CUST-1488"
"SO-12761","2022-08-12","P101","Magical Dark Chocolate","183","CUST-1002"
"SO-12762","2022-01-10","P102","Enchanted Milk Chocolate","169","CUST-1291"
"SO-12763","2022-05-03","P102","Enchanted Milk Chocolate","180","CUST-1400"
"SO-12764","2023-07-20","P102","Enchanted Milk Chocolate","22","CUST-1218"
"SO-12765","2022-05-18","P101","Magical Dark Chocolate","45","CUST-1232"
"SO-12766","2023-06-19","P201","Mystic White Chocolate","34","CUST-1009"
"SO-12767","2023-11-29","P103","Golden Cocoa Truffles","162","CUST-1237"
"SO-12768","2022-09-16","P101","Magical Dark Chocolate","118","CUST-1197"
"SO-12769","2023-01-12","P101","Magical Dark Chocolate","24","CUST-1131"
"SO-12770","2023-05-04","P102","Enchanted Milk Chocolate","184","CUST-1124"
"SO-12771","2022-02-28","P101","Magical Dark Chocolate","140","CUST-1087"
"SO-12772","2025-07-04","P201","Mystic White Chocolate","37","CUST-1376"
"SO-12773","2022-08-05","P101","Magical Dark Chocolate","68","CUST-1096"
"SO-12774","2024-11-20","P201","Mystic White Chocolate","196","CUST-1232"
"SO-12775","2022-04-02","P103","Golden Cocoa Truffles","10","CUST-1029"
"SO-12776","2023-10-13","P102","Enchanted Milk Chocolate","113","CUST-1087"
"SO-12777","2026-01-13","P103","Golden Cocoa Truffles","65","CUST-1412"
"SO-12778","2024-11-24","P201","Mystic White Chocolate","18","CUST-1471"
"SO-12779","2022-11-25","P201","Mystic White Chocolate","63","CUST-1449"
"SO-12780","2023-09-19","P103","Golden Cocoa Truffles","125","CUST-1173"
"SO-12781","2025-09-28","P103","Golden Cocoa Truffles","118","CUST-1377"
"SO-12782","2023-07-13","P103","Golden Cocoa Truffles","109","CUST-1199"
"SO-12783","2024-02-08","P102","Enchanted Milk Chocolate","51","CUST-1384"
"SO-12784","2026-07-10","P103","Golden Cocoa Truffles","131","CUST-1363"
"SO-12785","2025-06-30","P103","Golden Cocoa Truffles","61","CUST-1113"
"SO-12786","2024-06-03","P101","Magical Dark Chocolate","19","CUST-1279"
"SO-12787","2025-06-07","P201","Mystic White Chocolate","80","CUST-1140"
"SO-12788","2022-04-11","P201","Mystic White Chocolate","194","CUST-1492"
"SO-12789","2024-03-30","P201","Mystic White Chocolate","59","CUST-1082"
"SO-12790","2023-01-04","P103","Golden Cocoa Truffles","147","CUST-1095"
"SO-12791","2024-11-25","P102","Enchanted Milk Chocolate","177","CUST-1293"
"SO-12792","2026-07-18","P103","Golden Cocoa Truffles","119","CUST-1113"
"SO-12793","2026-05-31","P101","Magical Dark Chocolate","121","CUST-1318"
"SO-12794","2023-06-18","P201","Mystic White Chocolate","141","CUST-1316"
"SO-12795","2025-09-17","P201","Mystic White Chocolate","177","CUST-1089"
"SO-12796","2025-01-16","P102","Enchanted Milk Chocolate","57","CUST-1053"
"SO-12797","2022-10-31","P103","Golden Cocoa Truffles","97","CUST-1063"
"SO-12798","2023-07-03","P201","Mystic White Chocolate","83","CUST-1321"
"SO-12799","2024-02-26","P101","Magical Dark Chocolate","194","CUST-1245"
"SO-12800","2023-12-12","P101","Magical Dark Chocolate","31","CUST-1356"
"SO-12801","2024-09-23","P102","Enchanted Milk Chocolate","53","CUST-1011"
"SO-12802","2023-03-26","P101","Magical Dark Chocolate","93","CUST-1095"
"SO-12803","2026-02-11","P201","Mystic White Chocolate","118","CUST-1456"
"SO-12804","2025-08-30","P201","Mystic White Chocolate","14","CUST-1101"
"SO-12805","2022-03-18","P201","Mystic White Chocolate","81","CUST-1110"
"SO-12806","2024-08-13","P102","Enchanted Milk Chocolate","171","CUST-1027"
"SO-12807","2024-04-07","P101","Magical Dark Chocolate","190","CUST-1193"
"SO-12808","2023-06-19","P103","Golden Cocoa Truffles","188","CUST-1391"
"SO-12809","2022-01-04","P201","Mystic White Chocolate","164","CUST-1316"
"SO-12810","2022-09-23","P103","Golden Cocoa Truffles","100","CUST-1179"
"SO-12811","2026-06-09","P201","Mystic White Chocolate","101","CUST-1122"
"SO-12812","2022-09-02","P102","Enchanted Milk Chocolate","118","CUST-1359"
"SO-12813","2026-09-03","P102","Enchanted Milk Chocolate","12","CUST-1166"
"SO-12814","2024-07-04","P101","Magical Dark Chocolate","91","CUST-1303"
"SO-12815","2023-02-07","P102","Enchanted Milk Chocolate","143","CUST-1099"
"SO-12816","2026-05-14","P103","Golden Cocoa Truffles","149","CUST-1287"
"SO-12817","2022-01-26","P101","Magical Dark Chocolate","36","CUST-1036"
"SO-12818","2022-05-31","P103","Golden Cocoa Truffles","156","CUST-1316"
"SO-12819","2024-09-15","P102","Enchanted Milk Chocolate","104","CUST-1220"
"SO-12820","2022-05-10","P103","Golden Cocoa Truffles","190","CUST-1298"
"SO-12821","2025-07-17","P102","Enchanted Milk Chocolate","22","CUST-1145"
"SO-12822","2025-02-26","P102","Enchanted Milk Chocolate","93","CUST-1493"
"SO-12823","2022-05-01","P103","Golden Cocoa Truffles","88","CUST-1326"
"SO-12824","2024-10-15","P102","Enchanted Milk Chocolate","29","CUST-1265"
"SO-12825","2025-03-29","P102","Enchanted Milk Chocolate","149","CUST-1394"
"SO-12826","2022-09-05","P101","Magical Dark Chocolate","150","CUST-1400"
"SO-12827","2023-12-31","P201","Mystic White Chocolate","28","CUST-1274"
"SO-12828","2022-11-02","P102","Enchanted Milk Chocolate","24","CUST-1029"
"SO-12829","2024-06-05","P102","Enchanted Milk Chocolate","84","CUST-1112"
"SO-12830","2023-10-23","P201","Mystic White Chocolate","137","CUST-1420"
"SO-12831","2025-02-04","P101","Magical Dark Chocolate","132","CUST-1025"
"SO-12832","2023-06-25","P201","Mystic White Chocolate","150","CUST-1119"
"SO-12833","2023-10-29","P103","Golden Cocoa Truffles","18","CUST-1336"
"SO-12834","2025-04-05","P101","Magical Dark Chocolate","115","CUST-1123"
"SO-12835","2026-06-26","P102","Enchanted Milk Chocolate","30","CUST-1466"
"SO-12836","2023-09-02","P101","Magical Dark Chocolate","80","CUST-1099"
"SO-12837","2023-01-10","P201","Mystic White Chocolate","65","CUST-1031"
"SO-12838","2024-11-28","P102","Enchanted Milk Chocolate","21","CUST-1412"
"SO-12839","2022-09-21","P102","Enchanted Milk Chocolate","43","CUST-1156"
"SO-12840","2026-01-23","P102","Enchanted Milk Chocolate","59","CUST-1090"
"SO-12841","2023-02-10","P102","Enchanted Milk Chocolate","134","CUST-1437"
"SO-12842","2023-03-13","P103","Golden Cocoa Truffles","149","CUST-1488"
"SO-12843","2023-01-29","P102","Enchanted Milk Chocolate","173","CUST-1084"
"SO-12844","2025-11-22","P101","Magical Dark Chocolate","137","CUST-1335"
"SO-12845","2025-06-04","P103","Golden Cocoa Truffles","155","CUST-1468"
"SO-12846","2025-10-08","P101","Magical Dark Chocolate","139","CUST-1072"
"SO-12847","2023-07-06","P201","Mystic White Chocolate","134","CUST-1006"
"SO-12848","2022-02-01","P201","Mystic White Chocolate","109","CUST-1272"
"SO-12849","2025-11-01","P201","Mystic White Chocolate","110","CUST-1373"
"SO-12850","2025-11-20","P201","Mystic White Chocolate","200","CUST-1477"
"SO-12851","2024-06-13","P102","Enchanted Milk Chocolate","54","CUST-1481"
"SO-12852","2024-02-16","P201","Mystic White Chocolate","36","CUST-1274"
"SO-12853","2026-03-12","P201","Mystic White Chocolate","113","CUST-1214"
"SO-12854","2026-03-20","P101","Magical Dark Chocolate","113","CUST-1472"
"SO-12855","2026-05-11","P201","Mystic White Chocolate","97","CUST-1072"
"SO-12856","2023-04-27","P102","Enchanted Milk Chocolate","59","CUST-1002"
"SO-12857","2023-04-30","P103","Golden Cocoa Truffles","79","CUST-1064"
"SO-12858","2024-09-25","P101","Magical Dark Chocolate","84","CUST-1451"
"SO-12859","2025-07-08","P101","Magical Dark Chocolate","85","CUST-1122"
"SO-12860","2026-08-26","P201","Mystic White Chocolate","49","CUST-1320"
"SO-12861","2025-05-04","P101","Magical Dark Chocolate","192","CUST-1357"
"SO-12862","2022-05-07","P101","Magical Dark Chocolate","93","CUST-1006"
"SO-12863","2025-07-22","P201","Mystic White Chocolate","178","CUST-1475"
"SO-12864","2026-04-22","P103","Golden Cocoa Truffles","42","CUST-1335"
"SO-12865","2026-09-07","P101","Magical Dark Chocolate","66","CUST-1401"
"SO-12866","2024-02-13","P101","Magical Dark Chocolate","15","CUST-1182"
"SO-12867","2024-12-24","P201","Mystic White Chocolate","58","CUST-1128"
"SO-12868","2022-02-06","P201","Mystic White Chocolate","83","CUST-1356"
"SO-12869","2023-12-25","P102","Enchanted Milk Chocolate","91","CUST-1124"
"SO-12870","2024-08-30","P103","Golden Cocoa Truffles","25","CUST-1479"
"SO-12871","2023-10-24","P101","Magical Dark Chocolate","113","CUST-1311"
"SO-12872","2024-07-25","P103","Golden Cocoa Truffles","95","CUST-1296"
"SO-12873","2022-09-13","P102","Enchanted Milk Chocolate","72","CUST-1343"
"SO-12874","2022-12-18","P201","Mystic White Chocolate","20","CUST-1495"
"SO-12875","2023-12-13","P101","Magical Dark Chocolate","103","CUST-1470"
"SO-12876","2022-05-14","P101","Magical Dark Chocolate","168","CUST-1354"
"SO-12877","2023-05-02","P103","Golden Cocoa Truffles","73","CUST-1405"
"SO-12878","2022-08-05","P102","Enchanted Milk Chocolate","138","CUST-1499"
"SO-12879","2024-04-11","P201","Mystic White Chocolate","195","CUST-1396"
"SO-12880","2026-09-15","P103","Golden Cocoa Truffles","133","CUST-1399"
"SO-12881","2023-09-07","P102","Enchanted Milk Chocolate","86","CUST-1185"
"SO-12882","2025-12-28","P201","Mystic White Chocolate","95","CUST-1114"
"SO-12883","2023-01-31","P103","Golden Cocoa Truffles","165","CUST-1475"
"SO-12884","2022-08-30","P101","Magical Dark Chocolate","66","CUST-1081"
"SO-12885","2023-06-17","P103","Golden Cocoa Truffles","95","CUST-1446"
"SO-12886","2022-03-01","P201","Mystic White Chocolate","104","CUST-1392"
"SO-12887","2022-05-30","P101","Magical Dark Chocolate","124","CUST-1277"
"SO-12888","2025-03-23","P101","Magical Dark Chocolate","64","CUST-1434"
"SO-12889","2022-05-23","P101","Magical Dark Chocolate","74","CUST-1257"
"SO-12890","2022-05-20","P101","Magical Dark Chocolate","64","CUST-1298"
"SO-12891","2023-01-12","P102","Enchanted Milk Chocolate","102","CUST-1142"
"SO-12892","2024-11-29","P102","Enchanted Milk Chocolate","16","CUST-1274"
"SO-12893","2025-12-20","P201","Mystic White Chocolate","180","CUST-1415"
"SO-12894","2025-07-21","P101","Magical Dark Chocolate","53","CUST-1240"
"SO-12895","2022-02-08","P201","Mystic White Chocolate","68","CUST-1480"
"SO-12896","2024-07-09","P103","Golden Cocoa Truffles","146","CUST-1289"
"SO-12897","2023-03-29","P103","Golden Cocoa Truffles","97","CUST-1332"
"SO-12898","2025-03-02","P201","Mystic White Chocolate","40","CUST-1247"
"SO-12899","2024-03-02","P101","Magical Dark Chocolate","69","CUST-1333"
"SO-12900","2022-03-29","P201","Mystic White Chocolate","70","CUST-1277"
"SO-12901","2024-04-12","P102","Enchanted Milk Chocolate","26","CUST-1083"
"SO-12902","2025-01-18","P103","Golden Cocoa Truffles","51","CUST-1123"
"SO-12903","2022-05-03","P201","Mystic White Chocolate","45","CUST-1319"
"SO-12904","2022-06-11","P103","Golden Cocoa Truffles","54","CUST-1295"
"SO-12905","2025-01-19","P102","Enchanted Milk Chocolate","101","CUST-1053"
"SO-12906","2026-04-02","P201","Mystic White Chocolate","39","CUST-1300"
"SO-12907","2023-08-11","P101","Magical Dark Chocolate","200","CUST-1384"
"SO-12908","2025-03-20","P102","Enchanted Milk Chocolate","105","CUST-1413"
"SO-12909","2025-10-21","P103","Golden Cocoa Truffles","154","CUST-1284"
"SO-12910","2024-10-03","P103","Golden Cocoa Truffles","41","CUST-1112"
"SO-12911","2025-03-29","P103","Golden Cocoa Truffles","95","CUST-1486"
"SO-12912","2023-10-14","P103","Golden Cocoa Truffles","164","CUST-1041"
"SO-12913","2022-12-24","P103","Golden Cocoa Truffles","18","CUST-1372"
"SO-12914","2025-06-12","P101","Magical Dark Chocolate","115","CUST-1302"
"SO-12915","2025-10-14","P101","Magical Dark Chocolate","76","CUST-1023"
"SO-12916","2024-07-29","P102","Enchanted Milk Chocolate","85","CUST-1345"
"SO-12917","2025-11-03","P103","Golden Cocoa Truffles","76","CUST-1255"
"SO-12918","2024-02-21","P201","Mystic White Chocolate","146","CUST-1328"
"SO-12919","2026-05-27","P101","Magical Dark Chocolate","108","CUST-1231"
"SO-12920","2022-06-15","P102","Enchanted Milk Chocolate","18","CUST-1364"
"SO-12921","2023-07-31","P102","Enchanted Milk Chocolate","84","CUST-1464"
"SO-12922","2024-07-10","P201","Mystic White Chocolate","138","CUST-1403"
"SO-12923","2025-10-30","P102","Enchanted Milk Chocolate","162","CUST-1315"
"SO-12924","2023-01-11","P102","Enchanted Milk Chocolate","105","CUST-1441"
"SO-12925","2024-11-13","P102","Enchanted Milk Chocolate","30","CUST-1291"
"SO-12926","2025-04-30","P101","Magical Dark Chocolate","158","CUST-1443"
"SO-12927","2022-05-22","P101","Magical Dark Chocolate","173","CUST-1411"
"SO-12928","2026-08-23","P101","Magical Dark Chocolate","61","CUST-1383"
"SO-12929","2026-04-25","P201","Mystic White Chocolate","16","CUST-1306"
"SO-12930","2023-04-05","P103","Golden Cocoa Truffles","96","CUST-1438"
"SO-12931","2023-03-22","P102","Enchanted Milk Chocolate","103","CUST-1098"
"SO-12932","2025-06-11","P201","Mystic White Chocolate","19","CUST-1072"
"SO-12933","2022-11-19","P103","Golden Cocoa Truffles","200","CUST-1369"
"SO-12934","2023-07-18","P102","Enchanted Milk Chocolate","109","CUST-1370"
"SO-12935","2025-05-18","P102","Enchanted Milk Chocolate","104","CUST-1045"
"SO-12936","2023-07-05","P201","Mystic White Chocolate","29","CUST-1493"
"SO-12937","2026-03-05","P103","Golden Cocoa Truffles","52","CUST-1288"
"SO-12938","2022-08-19","P102","Enchanted Milk Chocolate","82","CUST-1364"
"SO-12939","2022-01-08","P102","Enchanted Milk Chocolate","25","CUST-1067"
"SO-12940","2024-09-24","P201","Mystic White Chocolate","107","CUST-1348"
"SO-12941","2024-10-04","P102","Enchanted Milk Chocolate","72","CUST-1320"
"SO-12942","2025-12-14","P101","Magical Dark Chocolate","13","CUST-1359"
"SO-12943","2026-06-10","P201","Mystic White Chocolate","126","CUST-1425"
"SO-12944","2022-05-05","P101","Magical Dark Chocolate","199","CUST-1287"
"SO-12945","2025-12-17","P103","Golden Cocoa Truffles","146","CUST-1068"
"SO-12946","2024-11-07","P103","Golden Cocoa Truffles","64","CUST-1235"
"SO-12947","2022-10-14","P201","Mystic White Chocolate","92","CUST-1004"
"SO-12948","2022-09-09","P101","Magical Dark Chocolate","101","CUST-1340"
"SO-12949","2022-02-25","P201","Mystic White Chocolate","162","CUST-1140"
"SO-12950","2022-12-25","P102","Enchanted Milk Chocolate","191","CUST-1036"
"SO-12951","2022-10-19","P102","Enchanted Milk Chocolate","158","CUST-1243"
"SO-12952","2026-09-06","P102","Enchanted Milk Chocolate","57","CUST-1369"
"SO-12953","2024-07-01","P102","Enchanted Milk Chocolate","112","CUST-1310"
"SO-12954","2024-07-03","P102","Enchanted Milk Chocolate","89","CUST-1455"
"SO-12955","2024-04-15","P103","Golden Cocoa Truffles","84","CUST-1187"
"SO-12956","2024-04-30","P102","Enchanted Milk Chocolate","187","CUST-1484"
"SO-12957","2023-11-28","P103","Golden Cocoa Truffles","86","CUST-1015"
"SO-12958","2022-08-07","P102","Enchanted Milk Chocolate","110","CUST-1337"
"SO-12959","2025-10-17","P102","Enchanted Milk Chocolate","54","CUST-1324"
"SO-12960","2024-09-03","P201","Mystic White Chocolate","85","CUST-1047"
"SO-12961","2023-02-23","P103","Golden Cocoa Truffles","195","CUST-1151"
"SO-12962","2022-01-06","P101","Magical Dark Chocolate","79","CUST-1418"
"SO-12963","2025-11-15","P102","Enchanted Milk Chocolate","186","CUST-1441"
"SO-12964","2022-11-10","P102","Enchanted Milk Chocolate","200","CUST-1058"
"SO-12965","2025-09-20","P102","Enchanted Milk Chocolate","14","CUST-1437"
"SO-12966","2026-06-17","P201","Mystic White Chocolate","163","CUST-1101"
"SO-12967","2022-07-26","P201","Mystic White Chocolate","123","CUST-1088"
"SO-12968","2024-09-03","P101","Magical Dark Chocolate","98","CUST-1167"
"SO-12969","2025-05-02","P201","Mystic White Chocolate","163","CUST-1344"
"SO-12970","2022-08-03","P102","Enchanted Milk Chocolate","193","CUST-1045"
"SO-12971","2022-12-22","P102","Enchanted Milk Chocolate","117","CUST-1245"
"SO-12972","2024-09-30","P101","Magical Dark Chocolate","43","CUST-1429"
"SO-12973","2024-02-02","P103","Golden Cocoa Truffles","146","CUST-1302"
"SO-12974","2025-06-18","P103","Golden Cocoa Truffles","48","CUST-1102"
"SO-12975","2025-10-04","P103","Golden Cocoa Truffles","177","CUST-1358"
"SO-12976","2023-09-06","P201","Mystic White Chocolate","118","CUST-1009"
"SO-12977","2025-02-28","P201","Mystic White Chocolate","94","CUST-1013"
"SO-12978","2024-07-19","P101","Magical Dark Chocolate","195","CUST-1187"
"SO-12979","2024-07-08","P103","Golden Cocoa Truffles","106","CUST-1273"
"SO-12980","2022-06-16","P103","Golden Cocoa Truffles","102","CUST-1012"
"SO-12981","2023-12-19","P102","Enchanted Milk Chocolate","10","CUST-1182"
"SO-12982","2025-03-20","P201","Mystic White Chocolate","163","CUST-1382"
"SO-12983","2022-11-27","P101","Magical Dark Chocolate","41","CUST-1377"
"SO-12984","2025-11-30","P103","Golden Cocoa Truffles","163","CUST-1036"
"SO-12985","2024-07-18","P201","Mystic White Chocolate","115","CUST-1362"
"SO-12986","2023-04-12","P101","Magical Dark Chocolate","55","CUST-1401"
"SO-12987","2023-06-01","P201","Mystic White Chocolate","40","CUST-1068"
"SO-12988","2024-09-11","P102","Enchanted Milk Chocolate","65","CUST-1230"
"SO-12989","2022-06-23","P103","Golden Cocoa Truffles","78","CUST-1260"
"SO-12990","2025-10-10","P103","Golden Cocoa Truffles","26","CUST-1380"
"SO-12991","2023-11-25","P101","Magical Dark Chocolate","58","CUST-1173"
"SO-12992","2025-05-04","P201","Mystic White Chocolate","13","CUST-1233"
"SO-12993","2022-01-27","P102","Enchanted Milk Chocolate","11","CUST-1403"
"SO-12994","2025-10-24","P101","Magical Dark Chocolate","50","CUST-1149"
"SO-12995","2024-06-12","P103","Golden Cocoa Truffles","51","CUST-1166"
"SO-12996","2023-11-04","P201","Mystic White Chocolate","119","CUST-1294"
"SO-12997","2026-01-06","P102","Enchanted Milk Chocolate","25","CUST-1383"
"SO-12998","2022-03-08","P103","Golden Cocoa Truffles","129","CUST-1399"
"SO-12999","2026-01-16","P103","Golden Cocoa Truffles","106","CUST-1389"
"SO-13000","2022-03-24","P101","Magical Dark Chocolate","20","CUST-1072"